project_id,memorial_location,observed_static_feature_mentions,evidence_class,adjudication,source_files
chateau-jardin,,piscina;churrasqueira;fitness;sauna;quadra;pet;bicicletario;gerador;ar_condicionado;delivery;brinquedoteca,MEMORIAL_NATIVE_TEXT,CANDIDATE_STATIC_FACT_REQUIRES_CONTEXT_REVIEW_BEFORE_PUBLISH,Château Jardin-Memorial Descritivo - Harmonie.pdf | Château Jardin-Memorial Descritivo - Lumiere.pdf
caminhos-lapa-elo-duo,"O referido empreendimento está localizado à Rua Fortunato Ferraz nº 365 – Vila Anastácio, Município de São Paulo,",piscina;churrasqueira;fitness;quadra;bicicletario;gerador;ar_condicionado;brinquedoteca,MEMORIAL_NATIVE_TEXT,CANDIDATE_STATIC_FACT_REQUIRES_CONTEXT_REVIEW_BEFORE_PUBLISH,Caminhos da Lapa Elo Duo-Memorial Descritivo.pdf
ampere-brooklin,"O referido empreendimento está localizado à Rua André Ampere, nº 194 – Brooklin, Município de São Paulo, SP. comunicar-se entre si e com determinados locais das áreas comuns de acordo com projeto específico.",piscina;churrasqueira;fitness;coworking;sauna;pet;bicicletario;gerador;ar_condicionado;delivery;brinquedoteca,MEMORIAL_NATIVE_TEXT,CANDIDATE_STATIC_FACT_REQUIRES_CONTEXT_REVIEW_BEFORE_PUBLISH,Ampère Brooklin-Memorial Descritivo.pdf
universo-tatuape-orbita,"O referido empreendimento está localizado à Avenida Celso Garcia, 5000 – Tatuapé, Município de São Paulo, SP.",piscina;churrasqueira;fitness;coworking;bicicletario;gerador;ar_condicionado;delivery;brinquedoteca,MEMORIAL_NATIVE_TEXT,CANDIDATE_STATIC_FACT_REQUIRES_CONTEXT_REVIEW_BEFORE_PUBLISH,Universo Tatuapé Órbita-Memorial Descritivo - Residencial.pdf | Universo Tatuapé Órbita-Memorial Descritivo - lojas.pdf | Universo Tatuapé Órbita-Memorial Descritivo - offices.pdf
aria-higienopolis,"O referido empreendimento está localizado na Rua Cel. José Eusébio, 145, Higienópolis, São Paulo, SP. Chillout Lounge",piscina;churrasqueira;fitness;coworking;sauna;pet;bicicletario;gerador;ar_condicionado;delivery;brinquedoteca,MEMORIAL_NATIVE_TEXT,CANDIDATE_STATIC_FACT_REQUIRES_CONTEXT_REVIEW_BEFORE_PUBLISH,Ária Higienópolis-Memorial Descritivo - Residencial.pdf | Ária Higienópolis-Memorial Descritivo - Offices.pdf | Ária Higienópolis-Memorial Descritivo - Contratual Lojas.pdf | Ária Higienópolis-Memorial Descritivo - de Vendas Offices.pdf
bem-moema,"O referido empreendimento está localizado à Avenida Bem te vi, 221 – Moema, São Paulo.",piscina;churrasqueira;fitness;bicicletario;gerador;ar_condicionado;delivery;brinquedoteca,MEMORIAL_NATIVE_TEXT,CANDIDATE_STATIC_FACT_REQUIRES_CONTEXT_REVIEW_BEFORE_PUBLISH,Bem Moema-Memorial Descritivo.pdf
bem-moema-studios-offices,"O referido empreendimento está localizado à Alameda dos Arapanés, 1214 – Moema, São Paulo, SP.",piscina;churrasqueira;fitness;coworking;gerador;ar_condicionado;delivery,MEMORIAL_NATIVE_TEXT,CANDIDATE_STATIC_FACT_REQUIRES_CONTEXT_REVIEW_BEFORE_PUBLISH,Bem Moema Studios & Offices-Memorial Descritivo.pdf
soma-perdizes,"O referido empreendimento está localizado à Avenida Sumaré, 179 Bairro de Perdizes, Município de São Paulo, SP.",piscina;churrasqueira;fitness;coworking;sauna;pet;bicicletario;gerador;ar_condicionado;delivery,MEMORIAL_NATIVE_TEXT,CANDIDATE_STATIC_FACT_REQUIRES_CONTEXT_REVIEW_BEFORE_PUBLISH,Soma Perdizes-Memorial Descritivo - Residencial.pdf | Soma Perdizes-Memorial Descritivo - Offices.pdf
bueno-brandao-257,"O referido empreendimento está localizado à Rua Bueno Brandão, 257 e Rua Jacques Felix, 309 – Vila Nova",piscina;churrasqueira;fitness;coworking;sauna;bicicletario;gerador;ar_condicionado;delivery,MEMORIAL_NATIVE_TEXT,CANDIDATE_STATIC_FACT_REQUIRES_CONTEXT_REVIEW_BEFORE_PUBLISH,Bueno Brandão 257-Memorial Descritivo - Residencial.pdf | Bueno Brandão 257-Memorial Descritivo - Studios.pdf
capiitolo-piero-lissoni,"O referido empreendimento está localizado à Rua Ibaragui Nissui, 166 – Chácara Klabin, Município de São Paulo, SP.",piscina;churrasqueira;fitness;sauna;quadra;bicicletario;gerador;ar_condicionado;delivery;brinquedoteca,MEMORIAL_NATIVE_TEXT,CANDIDATE_STATIC_FACT_REQUIRES_CONTEXT_REVIEW_BEFORE_PUBLISH,CAPIITOLO by Piero Lissoni-Memorial Descritivo.pdf
dsg-itaim,"O referido empreendimento está localizado à Rua Joaquim Floriano, nº 152 – Itaim Bibi, Município de São Paulo, SP.",piscina;churrasqueira;fitness;bicicletario;gerador;ar_condicionado;delivery,MEMORIAL_NATIVE_TEXT,CANDIDATE_STATIC_FACT_REQUIRES_CONTEXT_REVIEW_BEFORE_PUBLISH,DSG Itaim-Memorial Descritivo.pdf
teg-sacoma,"O referido empreendimento está localizado à Rua Malvina Ferrara Samarone, nº 100, esquina com a Rua do Lago -",piscina;churrasqueira;fitness;quadra;pet;gerador;ar_condicionado;delivery;brinquedoteca,MEMORIAL_NATIVE_TEXT,CANDIDATE_STATIC_FACT_REQUIRES_CONTEXT_REVIEW_BEFORE_PUBLISH,TEG Sacomã-Memorial Descritivo.pdf
ypy-alto-ipiranga,"O referido empreendimento está localizado à Rua Gama Lobo, nº 1884 - Ipiranga, município de São 7. ANTENA COLETIVA OU TV POR ASSINATURA",piscina;churrasqueira;fitness;coworking;quadra;pet;bicicletario;gerador;ar_condicionado;delivery;brinquedoteca,MEMORIAL_NATIVE_TEXT,CANDIDATE_STATIC_FACT_REQUIRES_CONTEXT_REVIEW_BEFORE_PUBLISH,YPY Alto do Ipiranga-Memorial Descritivo.pdf
ode-perdizes,"O referido empreendimento está localizado à Rua Bartira, 856 - Perdizes, São Paulo, SP. por ambiente).",piscina;churrasqueira;fitness;sauna;pet;bicicletario;gerador;ar_condicionado;delivery;brinquedoteca,MEMORIAL_NATIVE_TEXT,CANDIDATE_STATIC_FACT_REQUIRES_CONTEXT_REVIEW_BEFORE_PUBLISH,Ode Perdizes-Memorial Descritivo.pdf
reserva-caminhos-lapa,,piscina;churrasqueira;fitness;sauna;quadra;bicicletario;gerador;ar_condicionado;brinquedoteca,MEMORIAL_NATIVE_TEXT,CANDIDATE_STATIC_FACT_REQUIRES_CONTEXT_REVIEW_BEFORE_PUBLISH,Caminhos da Lapa Reserva-Memorial Descritivo.pdf
