project_id,runtime_name,runtime_location,runtime_status,runtime_info,source_status,source_files,memorial_location,observed_static_feature_mentions,notes
nova-vivere,Nova Vivere,Lapa · Zona Oeste,Lançamento,"72,82 m² · 2 ou 3 suítes · 1 ou 2 vagas",MISSING_MEMORIAL,,,,No memorial PDF.
chateau-jardin,Château Jardin,Cidade Jardim · Zona Sul,Lançamento,3 ou 4 suítes · 185m² a 355m² · 3 ou 4 vagas,PRESENT_VALID_NATIVE_TEXT,Château Jardin-Memorial Descritivo - Harmonie.pdf | Château Jardin-Memorial Descritivo - Lumiere.pdf,,piscina;churrasqueira;fitness;sauna;quadra;pet;bicicletario;gerador;ar_condicionado;delivery;brinquedoteca,
caminhos-lapa-elo-duo,Caminhos da Lapa Elo Duo,Lapa · Zona Oeste,Pronto para morar,"2 ou 3 dorms. · 47m², 55m² e 67m² · até 1 vaga",PRESENT_VALID_NATIVE_TEXT,Caminhos da Lapa Elo Duo-Memorial Descritivo.pdf,"O referido empreendimento está localizado à Rua Fortunato Ferraz nº 365 – Vila Anastácio, Município de São Paulo,",piscina;churrasqueira;fitness;quadra;bicicletario;gerador;ar_condicionado;brinquedoteca,
garden-design,Garden Design,Lapa · Zona Oeste,Em construção,2 ou 3 dorms. com suíte · 61m² a 78m² · 1 vaga,MISSING_MEMORIAL,,,,No memorial PDF.
ampere-brooklin,Ampère Brooklin,Brooklin · Zona Sul,Em construção,4 suítes · 262m² privativos · 4 vagas,PRESENT_VALID_NATIVE_TEXT,Ampère Brooklin-Memorial Descritivo.pdf,"O referido empreendimento está localizado à Rua André Ampere, nº 194 – Brooklin, Município de São Paulo, SP. comunicar-se entre si e com determinados locais das áreas comuns de acordo com projeto específico.",piscina;churrasqueira;fitness;coworking;sauna;pet;bicicletario;gerador;ar_condicionado;delivery;brinquedoteca,
mozae-higienopolis,Mozae Higienópolis,Higienópolis · Zona Oeste,Em construção,1 ou 2 suítes · 45m² a 73m² · 1 vaga,MISSING_MEMORIAL,,,,No memorial PDF; governed Mozae metragem supplement exists.
universo-tatuape-orbita,Universo Tatuapé Órbita,Tatuapé · Zona Leste,Pronto para morar,38m² a 69m² · 1 a 3 dorms. · salas comerciais,PRESENT_VALID_NATIVE_TEXT,Universo Tatuapé Órbita-Memorial Descritivo - Residencial.pdf | Universo Tatuapé Órbita-Memorial Descritivo - lojas.pdf | Universo Tatuapé Órbita-Memorial Descritivo - offices.pdf,"O referido empreendimento está localizado à Avenida Celso Garcia, 5000 – Tatuapé, Município de São Paulo, SP.",piscina;churrasqueira;fitness;coworking;bicicletario;gerador;ar_condicionado;delivery;brinquedoteca,
aria-higienopolis,Ária Higienópolis,Higienópolis · Zona Oeste,Pronto para morar,Studios de 30m² · aptos. de 53m² · salas comerciais,PRESENT_VALID_NATIVE_TEXT,Ária Higienópolis-Memorial Descritivo - Residencial.pdf | Ária Higienópolis-Memorial Descritivo - Offices.pdf | Ária Higienópolis-Memorial Descritivo - Contratual Lojas.pdf | Ária Higienópolis-Memorial Descritivo - de Vendas Offices.pdf,"O referido empreendimento está localizado na Rua Cel. José Eusébio, 145, Higienópolis, São Paulo, SP. Chillout Lounge",piscina;churrasqueira;fitness;coworking;sauna;pet;bicicletario;gerador;ar_condicionado;delivery;brinquedoteca,
bem-moema,Bem Moema,Moema · Zona Sul,Pronto para morar,"2 a 4 dorms. · 80m², 123m² e 148m² · 1 ou 2 vagas",PRESENT_VALID_NATIVE_TEXT,Bem Moema-Memorial Descritivo.pdf,"O referido empreendimento está localizado à Avenida Bem te vi, 221 – Moema, São Paulo.",piscina;churrasqueira;fitness;bicicletario;gerador;ar_condicionado;delivery;brinquedoteca,
bem-moema-studios-offices,Bem Moema Studios & Offices,Moema · Zona Sul,Pronto para morar,Studios de 26m² a 29m² · aptos. de 36m² · offices,PRESENT_VALID_NATIVE_TEXT,Bem Moema Studios & Offices-Memorial Descritivo.pdf,"O referido empreendimento está localizado à Alameda dos Arapanés, 1214 – Moema, São Paulo, SP.",piscina;churrasqueira;fitness;coworking;gerador;ar_condicionado;delivery,
soma-perdizes,Soma Perdizes,Perdizes · Zona Oeste,Pronto para morar,Studios de 25m² · aptos. de 41m² e 45m² · comerciais,PRESENT_VALID_NATIVE_TEXT,Soma Perdizes-Memorial Descritivo - Residencial.pdf | Soma Perdizes-Memorial Descritivo - Offices.pdf,"O referido empreendimento está localizado à Avenida Sumaré, 179 Bairro de Perdizes, Município de São Paulo, SP.",piscina;churrasqueira;fitness;coworking;sauna;pet;bicicletario;gerador;ar_condicionado;delivery,
zahle-jardins,Zahle Jardins,Jardins · Zona Oeste,Pronto para morar,Studios de 28m² · aptos. de 44m² · salas de 43m² a 53m²,INVALID_DUPLICATE_SOURCE,Zahle Jardins-Memorial Descritivo.pdf,"O referido empreendimento está localizado à Rua Gama Lobo, nº 1884 - Ipiranga, município de São 7. ANTENA COLETIVA OU TV POR ASSINATURA",piscina;churrasqueira;fitness;coworking;quadra;pet;bicicletario;gerador;ar_condicionado;delivery;brinquedoteca,"Byte-identical to YPY; extracted location is Rua Gama Lobo 1884, Ipiranga."
bueno-brandao-257,Bueno Brandão 257,Vila Nova Conceição · Zona Sul,Pronto para morar,500m² privativos · 5 suítes · 5 vagas,PRESENT_VALID_NATIVE_TEXT,Bueno Brandão 257-Memorial Descritivo - Residencial.pdf | Bueno Brandão 257-Memorial Descritivo - Studios.pdf,"O referido empreendimento está localizado à Rua Bueno Brandão, 257 e Rua Jacques Felix, 309 – Vila Nova",piscina;churrasqueira;fitness;coworking;sauna;bicicletario;gerador;ar_condicionado;delivery,
capiitolo-piero-lissoni,CAPIITOLO by Piero Lissoni,Chácara Klabin · Zona Sul,Em construção,4 suítes · 210m² privativos · 3 vagas,PRESENT_VALID_NATIVE_TEXT,CAPIITOLO by Piero Lissoni-Memorial Descritivo.pdf,"O referido empreendimento está localizado à Rua Ibaragui Nissui, 166 – Chácara Klabin, Município de São Paulo, SP.",piscina;churrasqueira;fitness;sauna;quadra;bicicletario;gerador;ar_condicionado;delivery;brinquedoteca,
dsg-itaim,DSG Itaim,Itaim Bibi · Zona Sul,Pronto para morar,Studios de 27m² e 29m² · aptos. de 44m² · comerciais,PRESENT_VALID_NATIVE_TEXT,DSG Itaim-Memorial Descritivo.pdf,"O referido empreendimento está localizado à Rua Joaquim Floriano, nº 152 – Itaim Bibi, Município de São Paulo, SP.",piscina;churrasqueira;fitness;bicicletario;gerador;ar_condicionado;delivery,
ledge-brooklin,Ledge Brooklin,Brooklin · Zona Sul,Em construção,Studios de 30m² a 40m² · aptos. de 70m² a 122m²,PRESENT_PDF_TEXT_LAYER_INSUFFICIENT,Ledge Brooklin-Memorial Descritivo - Residencial.pdf | Ledge Brooklin-Memorial Descritivo - Studios.pdf,,,Native text extraction insufficient; OCR or replacement PDF required.
teg-sacoma,TEG Sacomã,Sacomã · Zona Sul,Pronto para morar,1 a 3 dorms. · 45m² a 66m² · 1 ou 2 vagas,PRESENT_VALID_NATIVE_TEXT,TEG Sacomã-Memorial Descritivo.pdf,"O referido empreendimento está localizado à Rua Malvina Ferrara Samarone, nº 100, esquina com a Rua do Lago -",piscina;churrasqueira;fitness;quadra;pet;gerador;ar_condicionado;delivery;brinquedoteca,
tiel-vila-nova-conceicao,Tièl Vila Nova Conceição,Vila Nova Conceição · Zona Sul,Pronto para morar,Boutique apartments · piscina no rooftop · fitness,MISSING_MEMORIAL,,,,No memorial PDF.
ypy-alto-ipiranga,YPY Alto do Ipiranga,Alto do Ipiranga · Zona Sul,Em construção,2 ou 3 dorms. · 65m² e 80m² · 1 vaga,PRESENT_VALID_NATIVE_TEXT,YPY Alto do Ipiranga-Memorial Descritivo.pdf,"O referido empreendimento está localizado à Rua Gama Lobo, nº 1884 - Ipiranga, município de São 7. ANTENA COLETIVA OU TV POR ASSINATURA",piscina;churrasqueira;fitness;coworking;quadra;pet;bicicletario;gerador;ar_condicionado;delivery;brinquedoteca,
ode-perdizes,ODE Perdizes,Perdizes · Zona Oeste,Pronto para morar,4 dorms. · 2 suítes ou 3 suítes · 156m² · 2 vagas,PRESENT_VALID_NATIVE_TEXT,Ode Perdizes-Memorial Descritivo.pdf,"O referido empreendimento está localizado à Rua Bartira, 856 - Perdizes, São Paulo, SP. por ambiente).",piscina;churrasqueira;fitness;sauna;pet;bicicletario;gerador;ar_condicionado;delivery;brinquedoteca,
reserva-caminhos-lapa,Reserva Caminhos da Lapa,Lapa · Zona Oeste,Pronto para morar,"3 a 4 dorms. · 1 a 3 suítes · 91m², 127m² e 157m² · 2 a 3 vagas",PRESENT_VALID_NATIVE_TEXT,Caminhos da Lapa Reserva-Memorial Descritivo.pdf,,piscina;churrasqueira;fitness;sauna;quadra;bicicletario;gerador;ar_condicionado;brinquedoteca,
