project_id,project_name,runtime_card_count,official_url,address,neighborhood,official_stage,official_inventory,official_typology,official_price_ref,runtime_claim,disposition,conflict,usage
nova-vivere,Nova Vivere,2,https://www.tegraincorporadora.com.br/sp/sao-paulo/oeste/lapa/novavivere,"Rua Fortunato Ferraz, 625",Lapa,Lançamento,ACTIVE,2 ou 3 suítes; 72m² e 105m²; 1 ou 2 vagas,R$ 822.000 | 72m² unidade 801 | Ago/26 à vista,"72m² card R$ 852.586,08 unidade 701; 105m² card R$ 1.129.900 unidade 708 à vista",VERIFIED_PRODUCT / COMMERCIAL_REVALIDATION_REQUIRED,NONE_MATERIAL,SEO_PRODUCT_FACT_OK; PRICE_ONLY_AFTER_REVALIDATION
chateau-jardin,Château Jardin,1,https://www.tegraincorporadora.com.br/sp/sao-paulo/sul/cidade-jardim/chateaujardin,"Rua Ministro Nelson Hungria, 400",Cidade Jardim,Lançamento,ACTIVE,3 ou 4 suítes; 185m² a 355m² tipos; 3 ou 4 vagas; gardens/coberturas adicionais no material oficial,NOT_OBSERVED_ON_CURRENT_OFFICIAL_PAGE,A partir de R$ 3.690.361 | unidade 501 | 185m²,VERIFIED_PRODUCT / COMMERCIAL_REVALIDATION_REQUIRED,NONE_MATERIAL,SEO_PRODUCT_FACT_OK; PRICE_ONLY_AFTER_REVALIDATION
caminhos-lapa-elo-duo,Caminhos da Lapa Elo Duo,1,https://www.tegraincorporadora.com.br/sp/sao-paulo/oeste/lapa/caminhos-da-lapa-elo-duo,"Rua Fortunato Ferraz, 365",Lapa,Entregue,ÚLTIMAS UNIDADES,"2 ou 3 dorms.; 1 suíte; 47m², 55m² e 67m²; até 1 vaga",R$ 658.000 | 68m² unidade 109 | Ago/26 à vista,"Promo AP2408 67,42m²: R$ 663.000 de R$ 714.712,34",VERIFIED_PRODUCT / OFFER_REVALIDATION_REQUIRED,NONE_MATERIAL,SEO_PRODUCT_FACT_OK; PROMO_ONLY_AFTER_REVALIDATION
garden-design,Garden Design,1,https://www.tegraincorporadora.com.br/sp/sao-paulo/oeste/lapa/gardendesignprivateparkresidence,"Rua Fortunato Ferraz, 625",Lapa,Em construção,ACTIVE,2 ou 3 dorms. com suíte; 61m² a 78m²; 1 vaga,R$ 660.000 | 62m² unidade 101 | Ago/26 à vista,A partir de R$ 673.050 | unidade 0112,VERIFIED_PRODUCT / COMMERCIAL_REVALIDATION_REQUIRED,NONE_MATERIAL,SEO_PRODUCT_FACT_OK; PRICE_ONLY_AFTER_REVALIDATION
ampere-brooklin,Ampère Brooklin,1,https://www.tegraincorporadora.com.br/sp/sao-paulo/sul/brooklin/andreampere,"Rua André Ampére, 136",Brooklin,Em construção,ACTIVE,4 suítes; 262m² privativos; 4 vagas,R$ 4.770.000 | 262m² unidade 121 | Ago/26 à vista,A partir de R$ 4.770.000 | unidade 0121,VERIFIED_CURRENT,NONE,SEO_PRODUCT_FACT_OK; PRICE_REVALIDATE_BEFORE_RELEASE
mozae-higienopolis,Mozae Higienópolis,1,https://www.tegraincorporadora.com.br/sp/sao-paulo/oeste/higienopolis/mozaehigienopolis,"Rua Conselheiro Brotero, 832",Higienópolis,Em construção,ACTIVE,1 ou 2 suítes; 46m² e 73m²; 1 vaga,R$ 769.900 | 46m² unidade 403 | Ago/26 à vista,45m² a 73m²; R$ 721.510 AP0301 46m²,PRODUCT_VERIFIED / RUNTIME_METRAGE_CORRECTION_REQUIRED / PRICE_REVALIDATION_REQUIRED,METRAGE_RUNTIME_45_VS_OFFICIAL_46,USE_OFFICIAL_METRAGE; PRICE_ONLY_AFTER_REVALIDATION
universo-tatuape-orbita,Universo Tatuapé Órbita,1,https://www.tegraincorporadora.com.br/sp/sao-paulo/leste/tatuape/orbita,"Avenida Celso Garcia, 5040",Tatuapé,Entregue,ÚLTIMAS UNIDADES,38m² a 43m² 1 dorm.; 51m² a 69m² 2/3 dorms.; comerciais 28m² a 39m²,R$ 357.000 | 38m² unidade 1314 | Ago/26 à vista,R$ 611.685 | AP0609 69m²,VERIFIED_PRODUCT / COMMERCIAL_REVALIDATION_REQUIRED,NONE_MATERIAL,SEO_PRODUCT_FACT_OK; PRICE_ONLY_AFTER_REVALIDATION
aria-higienopolis,Ária Higienópolis,1,https://www.tegraincorporadora.com.br/sp/sao-paulo/oeste/higienopolis/aria-higienopolis,"Rua Coronel José Eusebio, 145",Higienópolis,Entregue,ACTIVE/AVAILABILITY_NOT_EXPLICITLY_LABELED,aptos 53m² 1/2 dorms.; studios 30m²; comerciais 22m² a 44m²,R$ 499.999 | 31m² unidade 1712 Studio | Ago/26 à vista,R$ 501.000 | studio 1510 30m²; também AP1214 54m² referência,VERIFIED_PRODUCT / COMMERCIAL_REVALIDATION_REQUIRED,NONE_MATERIAL,SEO_PRODUCT_FACT_OK; PRICE_ONLY_AFTER_REVALIDATION
bem-moema,Bem Moema,1,https://www.tegraincorporadora.com.br/sp/sao-paulo/sul/moema/bemmoema,"Avenida Bem-te-vi, 221",Moema,Entregue,ÚLTIMAS UNIDADES,"2 a 4 dorms.; 2 a 3 suítes; 80m², 123m² e 148m²; 1 a 2 vagas",R$ 1.725.000 | 80m² unidade 125 | Ago/26 à vista,R$ 1.811.200 | AP0202 80m²,VERIFIED_PRODUCT / COMMERCIAL_REVALIDATION_REQUIRED,NONE_MATERIAL,SEO_PRODUCT_FACT_OK; PRICE_ONLY_AFTER_REVALIDATION
bem-moema-studios-offices,Bem Moema Studios & Offices,1,https://www.tegraincorporadora.com.br/sp/sao-paulo/sul/moema/bemmoemastudios,"Alameda dos Arapanés, 1.241",Moema,Entregue,ACTIVE/AVAILABILITY_NOT_EXPLICITLY_LABELED,aptos 36m² 1 dorm.; studios 26m² a 29m²; comerciais 26m² a 36m²,R$ 479.999 | 26m² unidade 1305 Studio | Ago/26 à vista,R$ 509.600 | studio 1702 28m²,VERIFIED_PRODUCT / COMMERCIAL_REVALIDATION_REQUIRED,NONE_MATERIAL,SEO_PRODUCT_FACT_OK; PRICE_ONLY_AFTER_REVALIDATION
soma-perdizes,Soma Perdizes,1,https://www.tegraincorporadora.com.br/sp/sao-paulo/oeste/perdizes/somaperdizes,"Avenida Sumaré, 179",Perdizes,Entregue,ÚLTIMAS UNIDADES,aptos 41/45m² 1 dorm.; studios 25m²; comerciais 33m² a 66m²,R$ 630.000 | 45m² unidade 602 | Ago/26 à vista,R$ 630.000 | unidade 0602 45m²,VERIFIED_CURRENT,NONE,SEO_PRODUCT_FACT_OK; PRICE_REVALIDATE_BEFORE_RELEASE
zahle-jardins,Zahle Jardins,1,https://www.tegraincorporadora.com.br/sp/sao-paulo/oeste/jardins/zahlejardins,"Rua Osório Duque Estrada, 40",Jardins,Entregue,ÚLTIMAS UNIDADES,studios 28m²; aptos 44m² 1 dorm.; comerciais 43m² a 53m²,R$ 550.000 | 43m² unidade 301 Office | Ago/26 à vista,Valor sob consulta,VERIFIED_PRODUCT / RUNTIME_UNDERCLAIMS_CURRENT_PRICE,NONE_UNSAFE,SEO_PRODUCT_FACT_OK; OFFICIAL_PRICE_OPTION_REQUIRES_RELEASE_REVALIDATION
bueno-brandao-257,Bueno Brandão 257,1,https://buenobrandao257.com.br/,"Rua Bueno Brandão, 257",Vila Nova Conceição,Entregue,ÚLTIMAS UNIDADES,tipo 500m²; garden 711m²; cobertura 923m²; 5 suítes,NOT_OBSERVED_ON_CURRENT_OFFICIAL_MICROSITE,R$ 21.750.000 | unidade 31 500m²,VERIFIED_PRODUCT / COMMERCIAL_REVALIDATION_REQUIRED,NONE_PROVEN,SEO_PRODUCT_FACT_OK; PRICE_ONLY_AFTER_REVALIDATION
capiitolo-piero-lissoni,CAPIITOLO by Piero Lissoni,2,https://www.tegraincorporadora.com.br/sp/sao-paulo/sul/chacara-klabin/chacaraklabin,"Rua Ibaragui Nissui, 166",Chácara Klabin,Em construção,ACTIVE,4 suítes; 210m² privativos; 3 vagas,R$ 3.539.900 | 210m² unidade 33 | Ago/26 à vista,base R$ 3.647.490 unidade24; cash offer R$ 3.160.000 unidade24 (Ago/26),VERIFIED_PRODUCT / OFFER_REVALIDATION_REQUIRED,NONE_MATERIAL,SEO_PRODUCT_FACT_OK; CASH_OFFER_ONLY_AFTER_REVALIDATION
dsg-itaim,DSG Itaim,1,https://www.tegraincorporadora.com.br/sp/sao-paulo/sul/itaim-bibi/dsgitaim,"Rua Joaquim Floriano, 152",Itaim Bibi,Entregue,ÚLTIMAS UNIDADES,aptos 44m² 1 dorm.; comerciais 27m² a 61m²; studios 27/29m²,R$ 412.500 | 32m² unidade 208 Office | Ago/26 à vista,Valor sob consulta | unidade 201 27m²,VERIFIED_PRODUCT / RUNTIME_UNDERCLAIMS_CURRENT_PRICE,NONE_UNSAFE,SEO_PRODUCT_FACT_OK; OFFICIAL_PRICE_OPTION_REQUIRES_RELEASE_REVALIDATION
ledge-brooklin,Ledge Brooklin,1,https://www.tegraincorporadora.com.br/sp/sao-paulo/sul/brooklin/ledgebrooklin,"Rua Nova Independência, 110",Brooklin,Em construção,ACTIVE,2/3 dorms.; 1 a 3 suítes; 70/80/122m²; studios 30m² a 40m²,R$ 1.292.300 | 70m² unidade 2223 | Ago/26 à vista,R$ 600.000 studio 0052; referência apto 1223 R$ 1.199.000,VERIFIED_PRODUCT / COMMERCIAL_REVALIDATION_REQUIRED,NONE_MATERIAL,SEO_PRODUCT_FACT_OK; PRICE_ONLY_AFTER_REVALIDATION
teg-sacoma,TEG Sacomã,1,https://www.tegraincorporadora.com.br/sp/sao-paulo/sul/sacoma/teg-sacoma,"Rua Malvina Ferrara Samarone, 195",Sacomã,Entregue,ÚLTIMAS UNIDADES,"1,2,3 dorms.; até 1 suíte; 45m² a 66m²; 1 ou 2 vagas",R$ 349.000 | 57m² unidade 12 Garden | Ago/26 à vista,R$ 390.000 | unidade 0011 65m²,VERIFIED_PRODUCT / COMMERCIAL_REVALIDATION_REQUIRED,NONE_MATERIAL,SEO_PRODUCT_FACT_OK; PRICE_ONLY_AFTER_REVALIDATION
tiel-vila-nova-conceicao,Tièl Vila Nova Conceição,1,https://www.tegraincorporadora.com.br/sp/sao-paulo/sul/vila-nova-conceicao/tielvilanovaconceicao,"Rua Jacques Félix, 309",Vila Nova Conceição,Entregue,ÚLTIMAS UNIDADES,Boutique Apartments; current page displays planta tipo 19m²; rooftop pool; fitness,NOT_OBSERVED_ON_CURRENT_OFFICIAL_PAGE,R$ 598.500 | unidade 914 21m²,VERIFIED_PRODUCT / UNIT_PRICE_REVALIDATION_REQUIRED,CURRENT_PAGE_AREA_PRESENTATION_DIFFERS_FROM_RUNTIME_UNIT_REFERENCE,GENERAL_PRODUCT_FACT_OK; RUNTIME_UNIT_PRICE_ONLY_AFTER_REVALIDATION
ypy-alto-ipiranga,YPY Alto do Ipiranga,1,https://www.tegraincorporadora.com.br/sp/sao-paulo/sul/alto-do-ipiranga/altodoipiranga,"Rua Marquês de Olinda, 336",Alto do Ipiranga,Em construção,ACTIVE,2/3 dorms.; 1 suíte; headline 65m² e 80m²; page also shows 68m²/81m² options; 1 vaga,R$ 779.000 | 65m² unidade 1505 | Ago/26 à vista,R$ 727.650 | AP0207 66m²; info 65m² e 80m²,VERIFIED_PRODUCT / COMMERCIAL_REVALIDATION_REQUIRED,NONE_MATERIAL,SEO_PRODUCT_FACT_OK; PRICE_ONLY_AFTER_REVALIDATION
ode-perdizes,ODE Perdizes,1,https://www.tegraincorporadora.com.br/sp/sao-paulo/oeste/perdizes/odeperdizes,"Rua Bartira, 856",Perdizes,Entregue,100% VENDIDO,4 dorms. (2 suítes) ou 3 suítes; 156m²; 2 vagas,NO_CURRENT_SALE_PRICE / SOLD_OUT,Última unidade | unidade 22 2º andar | R$ 2.090.000 de R$ 2.200.000,BLOCKED_STALE_COMMERCIAL_CLAIM,CRITICAL_INVENTORY_CONFLICT_RUNTIME_AVAILABLE_VS_OFFICIAL_SOLD_OUT,HISTORICAL/ENTITY_FACTS_ONLY; DO_NOT_PUBLISH_AVAILABILITY_OR_PROMO
reserva-caminhos-lapa,Reserva Caminhos da Lapa,1,https://www.tegraincorporadora.com.br/sp/sao-paulo/oeste/lapa/reserva-caminhos-da-lapa,"Rua Fortunato Ferraz, 280",Lapa,Entregue,100% VENDIDO,"91m²,127m²,157m²; 3/4 dorms.; 1 a 3 suítes; 2 a 3 vagas",NO_CURRENT_SALE_PRICE / SOLD_OUT,Pronto para morar; Valor sob consulta; sales-oriented card/CTA,BLOCKED_STALE_COMMERCIAL_CLAIM,INVENTORY_CONFLICT_SALES_ORIENTATION_VS_OFFICIAL_SOLD_OUT,HISTORICAL/ENTITY_FACTS_ONLY; DO_NOT_PUBLISH_AVAILABILITY/PRICE
