project_id,high_value_static_enrichment
ampere-brooklin,Rua André Ampere 194; piscina adulta descoberta com raia 25m + infantil; coworking; fitness; segurança técnica
universo-tatuape-orbita,Av. Celso Garcia 5000; piscina adulta raia 25m + infantil; coworking; fitness; churrasqueira/pool bar; gerador
aria-higienopolis,Rua Cel. José Eusébio 145; piscina borda infinita raia 25m; coworking; fitness; sauna
bem-moema,Av. Bem-te-vi 221; unidades 80/123/148m² explicitamente citadas; duas piscinas; lazer
soma-perdizes,Av. Sumaré 179; piscina raia 25m; coworking; fitness; churrasqueira; sauna
bueno-brandao-257,Rua Bueno Brandão 257 / Rua Jacques Félix 309; piscinas coberta/descoberta; ozônio; grelha argentina; solar
capiitolo-piero-lissoni,Rua Ibaragui Nissui 166; três piscinas; raia 25m; piscina coberta com correnteza; spa; sistema solar
teg-sacoma,Rua Malvina Ferrara Samarone 100; piscinas; quadra recreativa; churrasqueiras; fitness
ypy-alto-ipiranga,Rua Gama Lobo 1884; piscina raia 20m + infantil; coworking; fitness; churrasqueira; gerador
ode-perdizes,Rua Bartira 856; piscinas; fitness; churrasqueira gourmet; aquecimento solar; gerador
