project_family,filename,source_path,sha256,bytes,text_bytes,extraction_status,duplicate_status
Alle Studios,Alle Studios-Memorial Descritivo.pdf,Tegra/Memoriais_Descritivos/Alle Studios-Memorial Descritivo.pdf,0acb314811111242012e56f684275b2c78a45c7087dff6a435c001e099f5972b,240218,28202,NATIVE_TEXT_OK,UNIQUE
Amaro,Amaro-Memorial Descritivo.pdf,Tegra/Memoriais_Descritivos/Amaro-Memorial Descritivo.pdf,0a39404ecebfc11e5c941236a93803df0ecd1fb471628598ab95c95abe723763,1010611,49019,NATIVE_TEXT_OK,UNIQUE
Ampère Brooklin,Ampère Brooklin-Memorial Descritivo.pdf,Tegra/Memoriais_Descritivos/Ampère Brooklin-Memorial Descritivo.pdf,308d8b4bbb689edd1fcaf879ef0a18202c600e99375c70dd92a9a0a6d6cc666d,584374,64088,NATIVE_TEXT_OK,UNIQUE
Ária Higienópolis,Ária Higienópolis-Memorial Descritivo - Contratual Lojas.pdf,Tegra/Memoriais_Descritivos/Ária Higienópolis-Memorial Descritivo - Contratual Lojas.pdf,88fa541590a945772887180009bfd566a514152f900a1b613a51b071e5a61e59,305244,8173,NATIVE_TEXT_OK,UNIQUE
Ária Higienópolis,Ária Higienópolis-Memorial Descritivo - Offices.pdf,Tegra/Memoriais_Descritivos/Ária Higienópolis-Memorial Descritivo - Offices.pdf,932c29392025e6a5a422a0a2019626c5efb2350f8cb7d154bebb2580c540cede,152427,34658,NATIVE_TEXT_OK,UNIQUE
Ária Higienópolis,Ária Higienópolis-Memorial Descritivo - Residencial.pdf,Tegra/Memoriais_Descritivos/Ária Higienópolis-Memorial Descritivo - Residencial.pdf,9a784282822d441d6ad3658d52af365da6f1cd7e3d0d55351853acb5fcaae581,204683,98188,NATIVE_TEXT_OK,UNIQUE
Ária Higienópolis,Ária Higienópolis-Memorial Descritivo - de Vendas Offices.pdf,Tegra/Memoriais_Descritivos/Ária Higienópolis-Memorial Descritivo - de Vendas Offices.pdf,095e1e7a7c368c701ed82f63297ce2ed451f6c240f87d2bde8c26d85a5c18f36,279192,20900,NATIVE_TEXT_OK,UNIQUE
Bem Moema Studios & Offices,Bem Moema Studios & Offices-Memorial Descritivo.pdf,Tegra/Memoriais_Descritivos/Bem Moema Studios & Offices-Memorial Descritivo.pdf,0781d1052745ca0d7085fae814107cd3807593c0dd9b51fbff7bfb781409b288,250777,29412,NATIVE_TEXT_OK,UNIQUE
Bem Moema,Bem Moema-Memorial Descritivo.pdf,Tegra/Memoriais_Descritivos/Bem Moema-Memorial Descritivo.pdf,cd34eaacff76d0a61c2f105665e10f4ff971ffbaeb611e48b5cf423e85b89627,289570,39595,NATIVE_TEXT_OK,UNIQUE
Bueno Brandão 257,Bueno Brandão 257-Memorial Descritivo - Residencial.pdf,Tegra/Memoriais_Descritivos/Bueno Brandão 257-Memorial Descritivo - Residencial.pdf,71e319c3ca32fe82738a1182ef3306f3d867236a28d5cc7e88ddcc23d7a9c719,876999,36039,NATIVE_TEXT_OK,UNIQUE
Bueno Brandão 257,Bueno Brandão 257-Memorial Descritivo - Studios.pdf,Tegra/Memoriais_Descritivos/Bueno Brandão 257-Memorial Descritivo - Studios.pdf,b3e69a63921bd3d33081654ba388e1c81630a44a3c8489dc4c55aed3db064179,783845,25673,NATIVE_TEXT_OK,UNIQUE
CAPIITOLO by Piero Lissoni,CAPIITOLO by Piero Lissoni-Memorial Descritivo.pdf,Tegra/Memoriais_Descritivos/CAPIITOLO by Piero Lissoni-Memorial Descritivo.pdf,1091e12f5f50c4af92048ef5cfaac395cd9195b04c671cc9e70e89851fd7b6f1,307987,43023,NATIVE_TEXT_OK,UNIQUE
Caminhos da Lapa Elo Duo,Caminhos da Lapa Elo Duo-Memorial Descritivo.pdf,Tegra/Memoriais_Descritivos/Caminhos da Lapa Elo Duo-Memorial Descritivo.pdf,1f17a86155453ba057180b729d6cbfe7eb7abe8ce55bdbd321ee05c94b6071bb,272274,35850,NATIVE_TEXT_OK,UNIQUE
Caminhos da Lapa Elo,Caminhos da Lapa Elo-Memorial Descritivo.pdf,Tegra/Memoriais_Descritivos/Caminhos da Lapa Elo-Memorial Descritivo.pdf,05be3293f1b566608d2b8caa98cf77dba2b14f6787933478ba641a011409cd55,267797,34563,NATIVE_TEXT_OK,UNIQUE
Caminhos da Lapa Jerivás,Caminhos da Lapa Jerivás-Memorial Descritivo.pdf,Tegra/Memoriais_Descritivos/Caminhos da Lapa Jerivás-Memorial Descritivo.pdf,82851249b5ff38d3d57f914f1b90841d535d6e6a44984966b209e0312830c63b,386928,31471,NATIVE_TEXT_OK,UNIQUE
Caminhos da Lapa Reserva,Caminhos da Lapa Reserva-Memorial Descritivo.pdf,Tegra/Memoriais_Descritivos/Caminhos da Lapa Reserva-Memorial Descritivo.pdf,5855cd78992bbf846fb5f36ab1e7fc530d07e4e9b93d299e2ee325232bf17470,967706,29821,NATIVE_TEXT_OK,UNIQUE
Château Jardin,Château Jardin-Memorial Descritivo - Harmonie.pdf,Tegra/Memoriais_Descritivos/Château Jardin-Memorial Descritivo - Harmonie.pdf,5a3a2442626b7da4a67b2c0aab791688986af88f36ec017278d4dbb1d9bb086b,5022302,38942,NATIVE_TEXT_OK,UNIQUE
Château Jardin,Château Jardin-Memorial Descritivo - Lumiere.pdf,Tegra/Memoriais_Descritivos/Château Jardin-Memorial Descritivo - Lumiere.pdf,3e813c8efd0cbb42d3121f23612af415d1de7c3b96b2b942db3de8a6bb822629,5162401,38765,NATIVE_TEXT_OK,UNIQUE
Chez Vous Moema,Chez Vous Moema-Memorial Descritivo.pdf,Tegra/Memoriais_Descritivos/Chez Vous Moema-Memorial Descritivo.pdf,271190ffb5c4533b2885e827247a1c036841055a9da4bf0e78fc66c29c64cc03,261145,38566,NATIVE_TEXT_OK,UNIQUE
D'Oru Vila Nova Conceição,D'Oru Vila Nova Conceição-Memorial Descritivo.pdf,Tegra/Memoriais_Descritivos/D'Oru Vila Nova Conceição-Memorial Descritivo.pdf,570b1484a8837bd7da5107dc210e01e60fffbf880e27916c2263686ac0771502,302990,35213,NATIVE_TEXT_OK,UNIQUE
DSG Itaim,DSG Itaim-Memorial Descritivo.pdf,Tegra/Memoriais_Descritivos/DSG Itaim-Memorial Descritivo.pdf,8a46b743c648e62f99500a971dcac7618b44fea435129546519b46c3f3785ad9,274937,37300,NATIVE_TEXT_OK,UNIQUE
Gravura Perdizes,Gravura Perdizes-Memorial Descritivo - Residencial.pdf,Tegra/Memoriais_Descritivos/Gravura Perdizes-Memorial Descritivo - Residencial.pdf,13caa471ad6bada80227a95677ed744a54e051fe0e55ce423a361a1479ec2a0e,160763,38031,NATIVE_TEXT_OK,UNIQUE
Gravura Perdizes,Gravura Perdizes-Memorial Descritivo - Studios.pdf,Tegra/Memoriais_Descritivos/Gravura Perdizes-Memorial Descritivo - Studios.pdf,0fe038b2c6b8f548f3c340446e5efed751701943078338cbfd9bc8cc960e4280,148416,28767,NATIVE_TEXT_OK,UNIQUE
Key Moema,Key Moema-Memorial Descritivo.pdf,Tegra/Memoriais_Descritivos/Key Moema-Memorial Descritivo.pdf,445cc92263721a756debc19bc6064fefcbc65803970fadc6cb95d868b65a12c2,277491,37499,NATIVE_TEXT_OK,UNIQUE
L'Harmonie Vila Mariana,L'Harmonie Vila Mariana-Memorial Descritivo.pdf,Tegra/Memoriais_Descritivos/L'Harmonie Vila Mariana-Memorial Descritivo.pdf,072ef38ca706826f2cc7d65325b1bb0c225f820f8f427d62a05c2b99604c5602,347620,37384,NATIVE_TEXT_OK,UNIQUE
Le Petit Vila Mariana,Le Petit Vila Mariana-Memorial Descritivo.pdf,Tegra/Memoriais_Descritivos/Le Petit Vila Mariana-Memorial Descritivo.pdf,7d6ce8a9d6f6f6ba5d5617233b7be2b8348c71cde85c2cd2e9a34663ba9cb317,302357,26093,NATIVE_TEXT_OK,UNIQUE
Ledge Brooklin,Ledge Brooklin-Memorial Descritivo - Residencial.pdf,Tegra/Memoriais_Descritivos/Ledge Brooklin-Memorial Descritivo - Residencial.pdf,1f4a72a67099e5f9158955054acca367c1e54f0a3b4d19ea71787f6d14d55e75,4293694,148,TEXT_LAYER_INSUFFICIENT,UNIQUE
Ledge Brooklin,Ledge Brooklin-Memorial Descritivo - Studios.pdf,Tegra/Memoriais_Descritivos/Ledge Brooklin-Memorial Descritivo - Studios.pdf,bb3dbe0ce72fad2797a7cc8b247eb1262ba0711aaf6167b97374654de4b9fa63,848099,44,TEXT_LAYER_INSUFFICIENT,UNIQUE
Neo Brooklin,Neo Brooklin-Memorial Descritivo.pdf,Tegra/Memoriais_Descritivos/Neo Brooklin-Memorial Descritivo.pdf,5115ddcd1f7b686c911feae05c4eee959492045f648f88d7ed3b80ae98aa6307,3127409,52323,NATIVE_TEXT_OK,UNIQUE
Ode Perdizes,Ode Perdizes-Memorial Descritivo.pdf,Tegra/Memoriais_Descritivos/Ode Perdizes-Memorial Descritivo.pdf,03c36ceee5469aad9316c183e981ed9d8ccccf994fcb00336b6c221fa9e3832f,1662486,52735,NATIVE_TEXT_OK,UNIQUE
Olhar Augusta,Olhar Augusta-Memorial Descritivo.pdf,Tegra/Memoriais_Descritivos/Olhar Augusta-Memorial Descritivo.pdf,60dcd4ced64654a1b733632062e80df05dc8e14aae0a85ee0a492b9cb608b7d6,290721,35924,NATIVE_TEXT_OK,UNIQUE
Pin Home Design,Pin Home Design-Memorial Descritivo.pdf,Tegra/Memoriais_Descritivos/Pin Home Design-Memorial Descritivo.pdf,344fe0f2875703f23921dc7e01512329172e3cdcd6ea4335367eccee998e6601,371205,39656,NATIVE_TEXT_OK,UNIQUE
Quad Studios,Quad Studios-Memorial Descritivo.pdf,Tegra/Memoriais_Descritivos/Quad Studios-Memorial Descritivo.pdf,9114d45c4e0ad683ca63cb3204304385f606f9a7c342dec916a2f0d6e1727467,243146,29719,NATIVE_TEXT_OK,UNIQUE
Sofi Campo Belo,Sofi Campo Belo-Memorial Descritivo.pdf,Tegra/Memoriais_Descritivos/Sofi Campo Belo-Memorial Descritivo.pdf,124de4c86bdd5ece84366ce32635b0e15c9e0e80bafde72aed2b7059a7478739,280293,36909,NATIVE_TEXT_OK,UNIQUE
Soma Perdizes,Soma Perdizes-Memorial Descritivo - Offices.pdf,Tegra/Memoriais_Descritivos/Soma Perdizes-Memorial Descritivo - Offices.pdf,fe4513b0dcd1999fc3a81a778f0b9a2f956188f4991a12fc5dfecc7cf6104697,239075,21252,NATIVE_TEXT_OK,UNIQUE
Soma Perdizes,Soma Perdizes-Memorial Descritivo - Residencial.pdf,Tegra/Memoriais_Descritivos/Soma Perdizes-Memorial Descritivo - Residencial.pdf,f3700bab47db90d406972fbc08c32043da087ec9ac343543ba93985e82a1ad0b,274200,35517,NATIVE_TEXT_OK,UNIQUE
Square Garden Campo Belo,Square Garden Campo Belo-Memorial Descritivo.pdf,Tegra/Memoriais_Descritivos/Square Garden Campo Belo-Memorial Descritivo.pdf,679053cf73c79d517af911806579eeb189989b4223fa48095aca1f05f243a069,285330,37333,NATIVE_TEXT_OK,UNIQUE
TEG Corazza,TEG Corazza-Memorial Descritivo.pdf,Tegra/Memoriais_Descritivos/TEG Corazza-Memorial Descritivo.pdf,a1899daba20595f410ee6bd8e98bb42ad13a72b80a59addd5ee59835ecd77535,271178,35842,NATIVE_TEXT_OK,UNIQUE
TEG Mooca,TEG Mooca-Memorial Descritivo - Lojas.pdf,Tegra/Memoriais_Descritivos/TEG Mooca-Memorial Descritivo - Lojas.pdf,59c4a9c1153ca9facfeccc846c0d1766fc2c164c593541ce9ea623a5f852ad15,174350,8994,NATIVE_TEXT_OK,UNIQUE
TEG Mooca,TEG Mooca-Memorial Descritivo - Residencial.pdf,Tegra/Memoriais_Descritivos/TEG Mooca-Memorial Descritivo - Residencial.pdf,209a6b708353136eeb1df2d813ebe09c3b9df3ed839348cf10788d7371705c89,569026,54585,NATIVE_TEXT_OK,UNIQUE
TEG Sacomã,TEG Sacomã-Memorial Descritivo.pdf,Tegra/Memoriais_Descritivos/TEG Sacomã-Memorial Descritivo.pdf,5bdb6d264b5c0553214bfe799e1f6ed8cfe326c92c2c3ed8588e6c38fc65dfd1,231416,36759,NATIVE_TEXT_OK,UNIQUE
TEG Vila Carrão,TEG Vila Carrão-Memorial Descritivo.pdf,Tegra/Memoriais_Descritivos/TEG Vila Carrão-Memorial Descritivo.pdf,6c38e1daf199a3c47896c88d554b2a4ef5bea9ea98fd91ba2f3256be79a42caa,614851,38980,NATIVE_TEXT_OK,UNIQUE
TEG Vila Guilherme,TEG Vila Guilherme-Memorial Descritivo.pdf,Tegra/Memoriais_Descritivos/TEG Vila Guilherme-Memorial Descritivo.pdf,1d57ac215225390eace1de0ad9fb7f69cdf0b6cd08db42b79f35f3af6a4d8344,271488,32826,NATIVE_TEXT_OK,UNIQUE
The Garden Gramercy Park,The Garden Gramercy Park-Memorial Descritivo.pdf,Tegra/Memoriais_Descritivos/The Garden Gramercy Park-Memorial Descritivo.pdf,b3187e419ca92dc4542764503d9df625ac933dd04a49fdab9111d422d8f3563f,375007,37477,NATIVE_TEXT_OK,UNIQUE
The Lake Gramercy Park,The Lake Gramercy Park-Memorial Descritivo.pdf,Tegra/Memoriais_Descritivos/The Lake Gramercy Park-Memorial Descritivo.pdf,b34ff89b5d5876743e51382e2bcf7aa257a0436e2efeb89638ccbd93aa53e62d,131907,39931,NATIVE_TEXT_OK,UNIQUE
Universo Tatuapé Esfera,Universo Tatuapé Esfera-Memorial Descritivo.pdf,Tegra/Memoriais_Descritivos/Universo Tatuapé Esfera-Memorial Descritivo.pdf,ed52d50f9e5c38b17bdf1a56a65ac63de98ac3449d4fb44ac1b9478a27a81e9d,847639,34924,NATIVE_TEXT_OK,UNIQUE
Universo Tatuapé Órbita,Universo Tatuapé Órbita-Memorial Descritivo - Residencial.pdf,Tegra/Memoriais_Descritivos/Universo Tatuapé Órbita-Memorial Descritivo - Residencial.pdf,5de26eeeb56e23aa98f90abf28a3f8bbe82655a71d20869c3f59b7c9206f562c,279015,34635,NATIVE_TEXT_OK,UNIQUE
Universo Tatuapé Órbita,Universo Tatuapé Órbita-Memorial Descritivo - lojas.pdf,Tegra/Memoriais_Descritivos/Universo Tatuapé Órbita-Memorial Descritivo - lojas.pdf,1ac9564ba2696acaad0c44f329db74c271e30f5920a2a7ad50afff51e788ee34,219645,8320,NATIVE_TEXT_OK,UNIQUE
Universo Tatuapé Órbita,Universo Tatuapé Órbita-Memorial Descritivo - offices.pdf,Tegra/Memoriais_Descritivos/Universo Tatuapé Órbita-Memorial Descritivo - offices.pdf,a40d421991ed8cfd4b381c562343475063f2a5de6f69e8c121d112f42aebc421,254181,21819,NATIVE_TEXT_OK,UNIQUE
YPY Alto do Ipiranga,YPY Alto do Ipiranga-Memorial Descritivo.pdf,Tegra/Memoriais_Descritivos/YPY Alto do Ipiranga-Memorial Descritivo.pdf,3f0140e46c530d43ffa66667f453fa489e8d5b7b914cdca7f0b7b3a5228187d2,554719,67611,NATIVE_TEXT_OK,DUPLICATE_BINARY
Zahle Jardins,Zahle Jardins-Memorial Descritivo.pdf,Tegra/Memoriais_Descritivos/Zahle Jardins-Memorial Descritivo.pdf,3f0140e46c530d43ffa66667f453fa489e8d5b7b914cdca7f0b7b3a5228187d2,554719,67611,NATIVE_TEXT_OK,DUPLICATE_BINARY
