source_page_type,destination_page_type,link_requirement,ownership_effect,fact_gate,prohibited
portfolio_root,master_development,OPTIONAL_DISCOVERY,NONE,MASTER_ROUTE_READY,DO_NOT_STEAL_MASTER_INTENT
portfolio_root,exact_project,RECOMMENDED_DISCOVERY,NONE,PROJECT_ROUTE_READY,NO_MODIFIER_DOORWAY
portfolio_root,stage,OPTIONAL_DISCOVERY,NONE,VERIFIED_STAGE_MEMBERSHIP,NO_STAGE_AS_AVAILABILITY
portfolio_root,location,OPTIONAL_DISCOVERY,NONE,VERIFIED_LOCATION_PROJECT_SET,NO_UNVERIFIED_LOCATION
master_development,exact_project,REQUIRED_CHILD_LINK,NONE,VERIFIED_CHILD_SET,DO_NOT_REPLACE_EXACT_OWNER
exact_project,master_development,OPTIONAL_CONTEXT,NONE,FACTUAL_PARENT_RELATIONSHIP,NO_OWNER_TRANSFER
exact_project,stage,OPTIONAL_CONTEXT,NONE,VERIFIED_STAGE_MEMBERSHIP,NO_STAGE_AS_AVAILABILITY
exact_project,location,OPTIONAL_CONTEXT,NONE,VERIFIED_LOCATION_MEMBERSHIP,NO_INFERRED_LOCATION
exact_project,exact_project,OPTIONAL_RELATED,NONE,USER_USEFUL_FACTUAL_RELATIONSHIP,NO_ARBITRARY_CROSS_LINK
stage,exact_project,REQUIRED_MEMBER_LINK,NONE,VERIFIED_STAGE_MEMBERSHIP,NO_LINK_TO_UNVERIFIED_MEMBER
location,exact_project,REQUIRED_MEMBER_LINK,NONE,VERIFIED_LOCATION_PROJECT_SET,NO_LINK_TO_UNVERIFIED_MEMBER
historical_project,exact_project,OPTIONAL_ALTERNATIVE,NONE,ACTIVE_ALTERNATIVE_FACTUAL,NO_ACTIVE_INVENTORY_IMPLICATION
historical_project,master_development,OPTIONAL_CONTEXT,NONE,FACTUAL_PARENT_RELATIONSHIP,NO_COMMERCIAL_STATE_ERASURE
any,modifier_doorway,PROHIBITED,NONE,NONE,PROJECT_MODIFIERS_STAY_ON_EXACT_OWNER
any,no_owner_or_support_only,PROHIBITED,NONE,NONE,NO_DOORWAY_CREATION
any,js_filter_state,PROHIBITED,NONE,NONE,NOT_INDEXABLE_DESTINATION
