query_family,representative_query,evidence_origin,observed_serp_type,dominant_result_classes,entity_resolution,intent_hypothesis,confidence,product_fit,page_owner,notes
brand_head,tegra,MoreNumTegra_GSC,corporate_brand,official_corporate_and_contact,TEGRA_BRAND,navigational_brand_or_corporate,HIGH,HIGH,NOT_ASSIGNED,"Brand SERP is corporate/official; do not assume homepage ownership before M3-05/06."
brand_plus_commercial,tegra vendas,MoreNumTegra_GSC,corporate_sales_house,official_sales_house_recruitment_and_linkedin,TEGRA_VENDAS,corporate_partner_recruitment_navigation,HIGH,LOW_TO_MEDIUM,NOT_ASSIGNED,"Observed Gupy and LinkedIn Tegra Vendas surfaces; not a clean consumer apartment-buying query."
brand_plus_service,tegra conecta,MoreNumTegra_GSC,partner_tool_ambiguous,broker_resource_and_link_aggregator,PARTIALLY_RESOLVED,partner_or_broker_tool_navigation,MEDIUM,LOW,NOT_ASSIGNED,"No authoritative consumer-facing Tegra project surface established; keep unresolved for consumer SEO."
project_plus_brand,amaro tegra,MoreNumTegra_GSC,official_project_entity,official_tegra_project,AMARO_SANTO_AMARO,project_entity_navigation,HIGH,LOW_TO_MEDIUM,NOT_ASSIGNED,"Official Tegra resolves Amaro; delivered and 100% sold, reducing current commercial fit."
project_plus_brand,ode perdizes tegra,MoreNumTegra_GSC,official_project_entity,official_tegra_project,ODE_PERDIZES,project_entity_navigation,HIGH,LOW_TO_MEDIUM,NOT_ASSIGNED,"Official Tegra resolves Ode Perdizes; delivered and 100% sold."
brand_plus_location,tegra campo belo,MoreNumTegra_GSC,location_portfolio,multiple_official_legacy_project_entities,CAMPO_BELO_PORTFOLIO,brand_location_portfolio_navigation,MEDIUM,MEDIUM,NOT_ASSIGNED,"Official Tegra portfolio shows multiple Campo Belo projects; query does not resolve to one project."
master_brand,caminhos da lapa tegra,Caminhos_GSC,official_master_development,official_master_development_and_specialized_sites,CAMINHOS_DA_LAPA,master_development_navigation,HIGH,HIGH,NOT_ASSIGNED,"18 clicks / 511 impressions on sibling GSC; official master-development site exists."
master_brand,tegra caminhos da lapa,Caminhos_GSC,official_master_development,official_master_development_and_specialized_sites,CAMINHOS_DA_LAPA,master_development_navigation,HIGH,HIGH,NOT_ASSIGNED,"10 clicks / 559 impressions on sibling GSC; lexical order reverses without changing entity."
project_master,reserva caminhos da lapa,Caminhos_GSC,project_entity,official_master_site_and_project_specific_surfaces,RESERVA_CAMINHOS_DA_LAPA,project_entity_navigation_or_commercial_research,HIGH,MEDIUM,NOT_ASSIGNED,"2 clicks / 806 impressions on sibling GSC; current official master site marks Reserva 100% sold."
project_price,reserva caminhos da lapa preço,Caminhos_GSC,bottom_funnel_project,project_and_broker_inventory_surfaces,RESERVA_CAMINHOS_DA_LAPA,commercial_price_research,HIGH,MEDIUM,NOT_ASSIGNED,"156 sibling impressions prove real price-modifier demand; commercial facts still require registry validation."
project_address,reserva caminhos da lapa endereço,Caminhos_GSC,bottom_funnel_project,project_and_location_surfaces,RESERVA_CAMINHOS_DA_LAPA,navigational_location_research,HIGH,MEDIUM,NOT_ASSIGNED,"16 sibling impressions / position 12.1875; address intent is distinct from price intent."
project_current,nova vivere caminhos da lapa,Caminhos_GSC_plus_web,official_project_entity,official_master_development_project_page,NOVA_VIVERE,project_commercial_research,HIGH,HIGH,NOT_ASSIGNED,"Official Caminhos page shows Nova Vivere as lançamento; strong current-product fit."
project_current,garden design caminhos da lapa,Caminhos_GSC_plus_web,contested_project_serp,official_tegra_master_site_project_site_and_broker_microsites,GARDEN_DESIGN,project_commercial_research,HIGH,HIGH,NOT_ASSIGNED,"SERP contains official Tegra/Caminhos surfaces and specialized/broker sites; strong entity competition."
project_current,dsg itaim,Keyword_Planner_plus_web,official_project_entity,official_tegra_project,DSG_ITAIM,project_commercial_research,HIGH,HIGH,NOT_ASSIGNED,"Official Tegra project page is strong; delivered with last units at observation time."
project_current,ária higienópolis,Keyword_Planner_plus_web,official_project_entity,official_tegra_project,ARIA_HIGIENOPOLIS,project_commercial_research,HIGH,HIGH,NOT_ASSIGNED,"Official Tegra project page dominates entity resolution; delivered at observation time."
project_current,soma perdizes,Keyword_Planner_plus_web,official_project_entity,official_tegra_project,SOMA_PERDIZES,project_commercial_research,HIGH,HIGH,NOT_ASSIGNED,"Official Tegra project page strong; delivered/last-units surface."
project_current,ledge brooklin,Keyword_Planner_plus_web,multi_authority_project,official_tegra_co_developer_and_project_surfaces,LEDGE_BROOKLIN,project_commercial_research,HIGH,HIGH,NOT_ASSIGNED,"Tegra and Exto both have authoritative project pages; MoreNumTegra would need differentiated value, not duplication."
project_current,bueno brandão 257,Keyword_Planner_plus_web,contested_project_serp,broker_microsites_tegra_sales_and_project_specific_sites,BUENO_BRANDAO_257,high_end_project_commercial_research,HIGH,HIGH,NOT_ASSIGNED,"Strong specialized/broker competition; exact facts and availability require claim registry."
generic_city,apartamentos são paulo,Keyword_Planner,marketplace_listing,major_portals_and_aggregators,GENERIC_CATEGORY,transactional_listing_search,HIGH,MEDIUM,NOT_ASSIGNED,"Broad SERP is portal/marketplace dominated; MoreNumTegra should not assume home ownership."
generic_neighborhood,apartamento brooklin,Keyword_Planner,marketplace_listing,quintoandar_and_local_brokers,BROOKLIN_LOCATION,transactional_inventory_search,HIGH,MEDIUM,NOT_ASSIGNED,"Neighborhood generic SERP is inventory-heavy; current project pages may compete only with stronger product qualification."
generic_neighborhood,apartamento perdizes,Keyword_Planner,marketplace_listing,quintoandar_and_marketplaces,PERDIZES_LOCATION,transactional_inventory_search,HIGH,MEDIUM,NOT_ASSIGNED,"Large portal inventory dominates; distinct from project-name entity searches such as Soma Perdizes."
stage_ready,apartamento pronto para morar são paulo,Keyword_Planner,mixed_stage_inventory_and_editorial,incorporator_inventory_pages_and_editorial,READY_TO_MOVE,commercial_category_with_informational_support,HIGH,HIGH,NOT_ASSIGNED,"Setin has dedicated ready inventory; Tegra has editorial page. Stage can be a valid architecture dimension."
stage_construction,apartamentos em construção são paulo,Keyword_Planner,stage_inventory,marketplaces_and_incorporator_stage_pages,UNDER_CONSTRUCTION,transactional_stage_inventory,HIGH,HIGH,NOT_ASSIGNED,"ZAP and incorporators expose stage-specific inventory."
stage_launch,lançamentos imobiliários são paulo,Keyword_Planner,launch_inventory,aggregators_brokers_and_incorporator_pages,LAUNCH,transactional_discovery,HIGH,HIGH,NOT_ASSIGNED,"Launch SERP mixes aggregators, brokers and portfolio pages; strong stage/category intent."
architecture_spillover,projeto paisagístico,Caminhos_GSC,informational_entity_or_topic,architecture_and_landscape_content,GENERIC_LANDSCAPE,informational,MEDIUM,LOW,NOT_ASSIGNED,"372 sibling impressions but weak apartment-purchase fit; do not target just because impression volume exists."
noise_typo,tegrq,Caminhos_GSC,noise_or_typo,mixed_irrelevant,TEGRA_MISSPELLING,ambiguous_navigation,LOW,LOW,NOT_ASSIGNED,"Observed typo/noise family proves GSC rows need qualification before targeting."
