family_id,representative_query,intent_final,service_decision,logical_owner_class,commercial_state_policy,fact_gate,confidence,m3_06_requirement,notes
brand_head,tegra,brand_navigation_and_portfolio_exploration,SERVE_QUALIFIED,BRAND_PORTFOLIO_SURFACE,portfolio_only,verified_brand_and_portfolio,HIGH,assign_one_brand_portfolio_owner,"Do not assume universal ownership over corporate Tegra SERP."
brand_sales_house,tegra vendas,corporate_partner_recruitment_navigation,DO_NOT_TARGET,NO_OWNER,not_consumer_inventory,none,HIGH,record_exclusion,"Vendas modifier is not enough to infer apartment-buyer intent."
brand_partner_tool,tegra conecta,partner_or_broker_tool_navigation,DO_NOT_TARGET,NO_OWNER,not_consumer_inventory,none,MEDIUM,record_exclusion,"Consumer-facing project intent not established."
brand_location_multi_project,tegra campo belo,brand_location_portfolio_exploration,SERVE_QUALIFIED,LOCATION_PORTFOLIO_SURFACE,portfolio_only,verified_location_project_set,MEDIUM,assign_location_owner_if_inventory_justifies,"Do not collapse multiple Campo Belo entities onto one arbitrary project."
master_caminhos,caminhos da lapa tegra,master_development_navigation_and_research,SERVE_PRIMARY,MASTER_DEVELOPMENT_SURFACE,mixed_lifecycle_master,verified_master_and_project_states,HIGH,assign_master_owner,"Master owner must not steal exact project intent."
master_caminhos_reverse,tegra caminhos da lapa,master_development_navigation_and_research,SERVE_PRIMARY,MASTER_DEVELOPMENT_SURFACE,mixed_lifecycle_master,verified_master_and_project_states,HIGH,canonicalize_with_master_caminhos,"Lexical reversal belongs to same family."
project_active_nova_vivere,nova vivere caminhos da lapa,project_commercial_research,SERVE_PRIMARY,ACTIVE_PROJECT_SURFACE,active_or_launch,product_registry_plus_release_revalidation,HIGH,assign_project_owner,"Price/availability remain dynamic."
project_active_garden_design,garden design caminhos da lapa,project_commercial_research,SERVE_PRIMARY,ACTIVE_PROJECT_SURFACE,active_construction,product_registry_plus_release_revalidation,HIGH,assign_project_owner,"Keep distinct from master-development owner."
project_active_elo_duo,caminhos da lapa elo duo,project_commercial_research,SERVE_PRIMARY,ACTIVE_PROJECT_SURFACE,last_units_or_current_exception,product_registry_plus_release_revalidation,HIGH,assign_project_owner,"September source records last-units commercial state; revalidate before release."
project_active_dsg,dsg itaim,project_entity_commercial_research,SERVE_PRIMARY,ACTIVE_PROJECT_SURFACE,current_inventory_requires_revalidation,product_registry,HIGH,assign_project_owner,"Official entity authority is strong; MoreNumTegra needs differentiated decision utility."
project_active_aria,ária higienópolis,project_entity_commercial_research,SERVE_PRIMARY,ACTIVE_PROJECT_SURFACE,current_inventory_requires_revalidation,product_registry,HIGH,assign_project_owner,"September unit references are dated internal commercial facts."
project_active_soma,soma perdizes,project_entity_commercial_research,SERVE_PRIMARY,ACTIVE_PROJECT_SURFACE,current_inventory_requires_revalidation,product_registry,HIGH,assign_project_owner,"Exact project intent distinct from generic Perdizes inventory."
project_active_ledge,ledge brooklin,project_entity_commercial_research,SERVE_PRIMARY,ACTIVE_PROJECT_SURFACE,current_inventory_requires_revalidation,product_registry,HIGH,assign_project_owner,"Multi-authority SERP; avoid thin copy of Tegra/Exto."
project_active_bueno,bueno brandão 257,high_end_project_commercial_research,SERVE_PRIMARY,ACTIVE_PROJECT_SURFACE,current_inventory_requires_revalidation,product_registry,HIGH,assign_project_owner,"Specialized/broker competition; exact commercial details remain volatile."
project_active_capiitolo,capiitolo by piero lissoni,project_entity_commercial_research,SERVE_PRIMARY,ACTIVE_PROJECT_SURFACE,current_inventory_requires_revalidation,product_registry,HIGH,assign_project_owner,"September unit 24 reference is dated internal evidence."
project_active_mozae,mozae higienópolis,project_entity_commercial_research,SERVE_PRIMARY,ACTIVE_PROJECT_SURFACE,current_inventory_requires_revalidation,product_registry,HIGH,assign_project_owner,"Governed headline is 46m²/73m²; do not reuse stale 45m² headline."
project_active_ypy,ypy alto do ipiranga,project_entity_commercial_research,SERVE_PRIMARY,ACTIVE_PROJECT_SURFACE,current_inventory_requires_revalidation,product_registry,HIGH,assign_project_owner,"Internal VPL/commission terms are not automatic public copy."
project_sold_amaro,amaro tegra,project_entity_navigation,SERVE_ENTITY_HISTORICAL,SOLD_PROJECT_ENTITY_SURFACE,sold_no_current_exception,identity_and_historical_facts,HIGH,decide_entity_surface_or_noindex_policy,"Do not imply active inventory without current evidence."
project_sold_legacy,ode perdizes tegra,project_entity_navigation_with_exception_inventory,SERVE_EXCEPTION_COMMERCIAL,EXCEPTION_PROJECT_COMMERCIAL_SURFACE,public_sold_out_plus_returned_unit,September_exception_plus_release_revalidation,HIGH,assign_same_project_entity_owner_with_exception_state,"Returned unit 22 does not reopen general project inventory."
project_ode_returned,ode perdizes preço,late_consideration_price_research,SERVE_EXCEPTION_COMMERCIAL,EXCEPTION_PROJECT_COMMERCIAL_SURFACE,returned_unit_exception,September_unit_22_plus_release_revalidation,HIGH,route_to_project_owner_fact_section,"R$2.090.000 observed in September source; older de-price not re-certified."
project_reserva_entity,reserva caminhos da lapa,project_entity_navigation_and_commercial_research,SERVE_EXCEPTION_COMMERCIAL,EXCEPTION_PROJECT_COMMERCIAL_SURFACE,public_sold_out_plus_units_under_consultation,September_reconciliation_plus_release_revalidation,HIGH,assign_project_owner_with_exception_state,"Do not claim general reopened inventory."
project_reserva_price,reserva caminhos da lapa preço,late_consideration_price_research,SERVE_EXCEPTION_COMMERCIAL,EXCEPTION_PROJECT_COMMERCIAL_SURFACE,units_under_consultation,no_specific_price_admitted,HIGH,route_to_project_owner_fact_section,"Sibling GSC proves demand; current governed response is under consultation, no invented price."
project_price_active,elo caminhos da lapa preço,late_consideration_price_research,SERVE_QUALIFIED,PROJECT_FACT_SECTION,current_unit_price_only,release_revalidation,HIGH,attach_to_exact_project_owner,"Do not create separate price doorway page by default."
project_address,reserva caminhos da lapa endereço,location_verification,SERVE_QUALIFIED,PROJECT_FACT_SECTION,entity_fact,address_registry,HIGH,attach_to_exact_project_owner,"Address intent distinct from inventory intent."
project_metragem,mozae higienópolis metragem,product_fact_research,SERVE_QUALIFIED,PROJECT_FACT_SECTION,product_fact,governed_46_73_values,HIGH,attach_to_project_owner,"Stale runtime 45m² value excluded."
project_planta,planta apartamento tegra projeto,product_configuration_research,SERVE_QUALIFIED,PROJECT_FACT_SECTION,product_fact,verified_typology_only,MEDIUM,group_by_project_in_m3_06,"Only serve when exact project/fact can be resolved."
project_availability,unidades disponíveis empreendimento tegra,commercial_inventory_research,SERVE_QUALIFIED,PROJECT_FACT_SECTION,dynamic_inventory,immediate_release_revalidation,MEDIUM,bind_to_resolved_project_owner,"Never expose stale inventory from cached registry alone."
stage_launch,lançamentos imobiliários tegra são paulo,transactional_stage_discovery,SERVE_PRIMARY,STAGE_DISCOVERY_SURFACE,portfolio_stage_filter,current_stage_registry,HIGH,assign_one_launch_discovery_owner,"Implementation/indexability shape deferred to M3-06/M4."
stage_construction,apartamentos tegra em construção são paulo,transactional_stage_discovery,SERVE_PRIMARY,STAGE_DISCOVERY_SURFACE,portfolio_stage_filter,current_stage_registry,HIGH,assign_one_construction_discovery_owner,"Do not rely on JS-only state as indexable architecture."
stage_ready,apartamentos tegra prontos para morar são paulo,commercial_stage_discovery,SERVE_PRIMARY,STAGE_DISCOVERY_SURFACE,portfolio_stage_filter,current_stage_registry,HIGH,assign_one_ready_discovery_owner,"Project exact owners remain separate."
generic_city,apartamentos são paulo,transactional_inventory_discovery,SUPPORT_SECONDARY,COMPARISON_DISCOVERY_SURFACE,broad_market_not_tegra_specific,none,HIGH,do_not_default_to_home,"High volume but marketplace-dominated SERP."
generic_city_sale,apartamentos à venda são paulo,transactional_inventory_discovery,SUPPORT_SECONDARY,COMPARISON_DISCOVERY_SURFACE,broad_market_not_tegra_specific,none,HIGH,do_not_default_to_home,"Qualify through Tegra/stage/location rather than doorway strategy."
generic_brooklin,apartamento brooklin,transactional_neighborhood_inventory,SUPPORT_SECONDARY,SUPPORTING_CONTENT_ONLY,broad_neighborhood_market,verified_tegra_projects_if_qualified,HIGH,qualify_or_support_only,"Not semantically equivalent to Ledge/Ampère exact project queries."
generic_perdizes,apartamento perdizes,transactional_neighborhood_inventory,SUPPORT_SECONDARY,SUPPORTING_CONTENT_ONLY,broad_neighborhood_market,verified_tegra_projects_if_qualified,HIGH,qualify_or_support_only,"Keep distinct from Soma/Ode entity intent."
generic_lapa,apartamento lapa,transactional_neighborhood_inventory,SUPPORT_SECONDARY,SUPPORTING_CONTENT_ONLY,broad_neighborhood_market,verified_lapa_portfolio_if_qualified,HIGH,qualify_with_sao_paulo_tegra_or_stage,"Raw Lapa can be geographically/semantically noisy."
raw_lapa,lapa,ambiguous_geo_or_entity,DO_NOT_TARGET,NO_OWNER,none,none,HIGH,record_exclusion,"Insufficiently qualified ownership family."
architecture_landscape,projeto paisagístico,informational_design_topic,DO_NOT_TARGET,NO_OWNER,none,none,MEDIUM,record_exclusion,"Sibling impressions do not establish apartment-buying fit."
architecture_person,benedito abbud,informational_person_entity,DO_NOT_TARGET,NO_OWNER,none,project_attribution_only,MEDIUM,record_exclusion,"Can appear as verified attribution on project content without owning the professional query."
noise_typo,tegrq,typo_or_noise,DO_NOT_TARGET,NO_OWNER,none,none,HIGH,record_exclusion,"GSC appearance alone does not justify ownership."
unrelated_rental,aluguel apartamento lapa,rental_transaction,DO_NOT_TARGET,NO_OWNER,not_sale_portfolio,none,HIGH,record_exclusion,"MoreNumTegra V1 proposition is sale/discovery, not rental inventory."
unrelated_house,casa à venda bairro,house_inventory,DO_NOT_TARGET,NO_OWNER,outside_apartment_portfolio,none,MEDIUM,record_exclusion,"Do not expand ontology merely for search volume."
