record_type,family_id,representative_query,intent_final,service_decision,primary_owner,owner_state,indexability,commercial_state_policy,fact_dependencies,supporting_surfaces,anti_overlap_note,owner_resolution_rule
QUERY_FAMILY,brand_head,tegra,brand_navigation_and_portfolio_exploration,SERVE_QUALIFIED,/,PRIMARY_OWNER,CURRENT_EXISTING_OWNER,portfolio_only,verified_brand_and_portfolio,project/master/stage owners,MoreNumTegra portfolio owner only; does not replace Tegra corporate authority,NONE
QUERY_FAMILY,brand_sales_house,tegra vendas,corporate_partner_recruitment_navigation,DO_NOT_TARGET,NO_OWNER,EXCLUDED,NO_DEDICATED_PAGE,not_consumer_inventory,none,none,Do not reinterpret corporate/broker intent as buyer inventory,NONE
QUERY_FAMILY,brand_partner_tool,tegra conecta,partner_or_broker_tool_navigation,DO_NOT_TARGET,NO_OWNER,EXCLUDED,NO_DEDICATED_PAGE,not_consumer_inventory,none,none,No consumer project intent established,NONE
QUERY_FAMILY,brand_location_multi_project,tegra campo belo,brand_location_portfolio_exploration,SERVE_QUALIFIED,NO_OWNER,CONDITIONAL_OWNER_PATTERN,NOT_APPLICABLE_UNTIL_FACT_GATE,portfolio_only,verified_location_project_set,/,No concrete location owner until fact gate; never collapse multi-project geography onto one project,WHEN_VERIFIED_PROJECT_SET_EXISTS_USE_/regioes/<verified-location>/
QUERY_FAMILY,master_caminhos,caminhos da lapa tegra,master_development_navigation_and_research,SERVE_PRIMARY,/caminhos-da-lapa/,PRIMARY_OWNER,PLANNED_NOT_IMPLEMENTED,mixed_lifecycle_master,verified_master_and_project_states,/,Master owns complex; exact child-project intent stays on project owners,NONE
QUERY_FAMILY,master_caminhos_reverse,tegra caminhos da lapa,master_development_navigation_and_research,SERVE_PRIMARY,/caminhos-da-lapa/,SAME_FAMILY_PRIMARY,PLANNED_NOT_IMPLEMENTED,mixed_lifecycle_master,verified_master_and_project_states,/,Maps to the same query family/page owner; no duplicate route,NONE
QUERY_FAMILY,project_active_nova_vivere,nova vivere caminhos da lapa,project_commercial_research,SERVE_PRIMARY,/empreendimentos/nova-vivere/,PRIMARY_OWNER,PLANNED_NOT_IMPLEMENTED,active_or_launch,product_registry_plus_release_revalidation,/caminhos-da-lapa/;/estagios/lancamento/,Exact project beats master/stage/home,NONE
QUERY_FAMILY,project_active_garden_design,garden design caminhos da lapa,project_commercial_research,SERVE_PRIMARY,/empreendimentos/garden-design/,PRIMARY_OWNER,PLANNED_NOT_IMPLEMENTED,active_construction,product_registry_plus_release_revalidation,/caminhos-da-lapa/;/estagios/em-construcao/,Exact project beats master/stage/home,NONE
QUERY_FAMILY,project_active_elo_duo,caminhos da lapa elo duo,project_commercial_research,SERVE_PRIMARY,/empreendimentos/caminhos-da-lapa-elo-duo/,PRIMARY_OWNER,PLANNED_NOT_IMPLEMENTED,last_units_or_current_exception,product_registry_plus_release_revalidation,/caminhos-da-lapa/,Exact project beats master; commercial state must be revalidated,NONE
QUERY_FAMILY,project_active_dsg,dsg itaim,project_entity_commercial_research,SERVE_PRIMARY,/empreendimentos/dsg-itaim/,PRIMARY_OWNER,PLANNED_NOT_IMPLEMENTED,current_inventory_requires_revalidation,product_registry,/,Exact project intent stays on project page,NONE
QUERY_FAMILY,project_active_aria,ária higienópolis,project_entity_commercial_research,SERVE_PRIMARY,/empreendimentos/aria-higienopolis/,PRIMARY_OWNER,PLANNED_NOT_IMPLEMENTED,current_inventory_requires_revalidation,product_registry,/,Exact project intent stays on project page,NONE
QUERY_FAMILY,project_active_soma,soma perdizes,project_entity_commercial_research,SERVE_PRIMARY,/empreendimentos/soma-perdizes/,PRIMARY_OWNER,PLANNED_NOT_IMPLEMENTED,current_inventory_requires_revalidation,product_registry,/,Do not transfer exact Soma intent to generic Perdizes,NONE
QUERY_FAMILY,project_active_ledge,ledge brooklin,project_entity_commercial_research,SERVE_PRIMARY,/empreendimentos/ledge-brooklin/,PRIMARY_OWNER,PLANNED_NOT_IMPLEMENTED,current_inventory_requires_revalidation,product_registry,/,Do not transfer exact Ledge intent to generic Brooklin,NONE
QUERY_FAMILY,project_active_bueno,bueno brandão 257,high_end_project_commercial_research,SERVE_PRIMARY,/empreendimentos/bueno-brandao-257/,PRIMARY_OWNER,PLANNED_NOT_IMPLEMENTED,current_inventory_requires_revalidation,product_registry,/,Exact project intent stays on project page,NONE
QUERY_FAMILY,project_active_capiitolo,capiitolo by piero lissoni,project_entity_commercial_research,SERVE_PRIMARY,/empreendimentos/capiitolo-piero-lissoni/,PRIMARY_OWNER,PLANNED_NOT_IMPLEMENTED,current_inventory_requires_revalidation,product_registry,/,Exact project intent stays on project page,NONE
QUERY_FAMILY,project_active_mozae,mozae higienópolis,project_entity_commercial_research,SERVE_PRIMARY,/empreendimentos/mozae-higienopolis/,PRIMARY_OWNER,PLANNED_NOT_IMPLEMENTED,current_inventory_requires_revalidation,product_registry,/,Use governed 46m²/73m²; exact project beats generic Higienópolis,NONE
QUERY_FAMILY,project_active_ypy,ypy alto do ipiranga,project_entity_commercial_research,SERVE_PRIMARY,/empreendimentos/ypy-alto-do-ipiranga/,PRIMARY_OWNER,PLANNED_NOT_IMPLEMENTED,current_inventory_requires_revalidation,product_registry,/,Exact project intent stays on project page,NONE
QUERY_FAMILY,project_sold_amaro,amaro tegra,project_entity_navigation,SERVE_ENTITY_HISTORICAL,/empreendimentos/amaro/,HISTORICAL_ENTITY_OWNER,NOINDEX_UNTIL_FACTUAL_PAGE_READY,sold_no_current_exception,identity_and_historical_facts,/,Historical entity must not imply active inventory,NONE
QUERY_FAMILY,project_sold_legacy,ode perdizes tegra,project_entity_navigation_with_exception_inventory,SERVE_EXCEPTION_COMMERCIAL,/empreendimentos/ode-perdizes/,EXCEPTION_PROJECT_OWNER,PLANNED_NOT_IMPLEMENTED,public_sold_out_plus_returned_unit,September_exception_plus_release_revalidation,/,Returned unit 22 does not reopen general inventory,NONE
QUERY_FAMILY,project_ode_returned,ode perdizes preço,late_consideration_price_research,SERVE_EXCEPTION_COMMERCIAL,/empreendimentos/ode-perdizes/,SAME_PROJECT_OWNER,SECTION_ONLY,returned_unit_exception,September_unit_22_plus_release_revalidation,/,Price is project section; no separate price page; older de-price not recertified,NONE
QUERY_FAMILY,project_reserva_entity,reserva caminhos da lapa,project_entity_navigation_and_commercial_research,SERVE_EXCEPTION_COMMERCIAL,/empreendimentos/reserva-caminhos-da-lapa/,EXCEPTION_PROJECT_OWNER,PLANNED_NOT_IMPLEMENTED,public_sold_out_plus_units_under_consultation,September_reconciliation_plus_release_revalidation,/caminhos-da-lapa/,100% sold baseline preserved; exception units do not reopen general inventory,NONE
QUERY_FAMILY,project_reserva_price,reserva caminhos da lapa preço,late_consideration_price_research,SERVE_EXCEPTION_COMMERCIAL,/empreendimentos/reserva-caminhos-da-lapa/,SAME_PROJECT_OWNER,SECTION_ONLY,units_under_consultation,no_specific_price_admitted,/caminhos-da-lapa/,No invented price quantity or unit; sob consulta only after current revalidation,NONE
QUERY_FAMILY,project_price_active,elo caminhos da lapa preço,late_consideration_price_research,SERVE_QUALIFIED,/empreendimentos/caminhos-da-lapa-elo-duo/,SAME_PROJECT_OWNER,SECTION_ONLY,current_unit_price_only,release_revalidation,project_owner,Do not create separate price doorway page,INHERIT_CONCRETE_ELO_DUO_OWNER
QUERY_FAMILY,project_address,reserva caminhos da lapa endereço,location_verification,SERVE_QUALIFIED,/empreendimentos/reserva-caminhos-da-lapa/,SAME_PROJECT_OWNER,SECTION_ONLY,entity_fact,address_registry,project_owner,Address section shares exact project canonical,INHERIT_CONCRETE_RESERVA_OWNER
QUERY_FAMILY,project_metragem,mozae higienópolis metragem,product_fact_research,SERVE_QUALIFIED,/empreendimentos/mozae-higienopolis/,SAME_PROJECT_OWNER,SECTION_ONLY,product_fact,governed_46_73_values,project_owner,Stale 45m² excluded; no separate metragem page,NONE
QUERY_FAMILY,project_planta,planta apartamento tegra projeto,product_configuration_research,SERVE_QUALIFIED,NO_CONCRETE_OWNER_UNTIL_PROJECT_RESOLVED,CONDITIONAL_PROJECT_OWNER,SECTION_ONLY_AFTER_PROJECT_RESOLUTION,product_fact,verified_typology_only,project_owner,Serve only when exact project/fact resolves,RESOLVE_EXACT_PROJECT_THEN_INHERIT_PROJECT_OWNER
QUERY_FAMILY,project_availability,unidades disponíveis empreendimento tegra,commercial_inventory_research,SERVE_QUALIFIED,NO_CONCRETE_OWNER_UNTIL_PROJECT_RESOLVED,CONDITIONAL_PROJECT_OWNER,SECTION_ONLY_AFTER_PROJECT_RESOLUTION,dynamic_inventory,immediate_release_revalidation,project_owner,Fail closed without current inventory evidence,RESOLVE_EXACT_PROJECT_THEN_INHERIT_PROJECT_OWNER
QUERY_FAMILY,stage_launch,lançamentos imobiliários tegra são paulo,transactional_stage_discovery,SERVE_PRIMARY,/estagios/lancamento/,CONDITIONAL_OWNER,CONDITIONAL_PLANNED_INDEXABLE,portfolio_stage_filter,current_stage_registry,/,Stage page must not own exact project intent or depend on JS-only filter state,NONE
QUERY_FAMILY,stage_construction,apartamentos tegra em construção são paulo,transactional_stage_discovery,SERVE_PRIMARY,/estagios/em-construcao/,CONDITIONAL_OWNER,CONDITIONAL_PLANNED_INDEXABLE,portfolio_stage_filter,current_stage_registry,/,Stage page must not own exact project intent or depend on JS-only filter state,NONE
QUERY_FAMILY,stage_ready,apartamentos tegra prontos para morar são paulo,commercial_stage_discovery,SERVE_PRIMARY,/estagios/pronto-para-morar/,CONDITIONAL_OWNER,CONDITIONAL_PLANNED_INDEXABLE,portfolio_stage_filter,current_stage_registry,/,Stage owner only; membership must preserve verified stage and commercial-state labels; sold/historical must not imply availability,NONE
QUERY_FAMILY,generic_city,apartamentos são paulo,transactional_inventory_discovery,SUPPORT_SECONDARY,SUPPORT_ONLY,SUPPORT_ONLY,NO_DEDICATED_PAGE,broad_market_not_tegra_specific,none,/;stage/location/project owners,Do not default broad generic demand to home,NONE
QUERY_FAMILY,generic_city_sale,apartamentos à venda são paulo,transactional_inventory_discovery,SUPPORT_SECONDARY,SUPPORT_ONLY,SUPPORT_ONLY,NO_DEDICATED_PAGE,broad_market_not_tegra_specific,none,/;stage/location/project owners,No thin doorway strategy,NONE
QUERY_FAMILY,generic_brooklin,apartamento brooklin,transactional_neighborhood_inventory,SUPPORT_SECONDARY,SUPPORT_ONLY,SUPPORT_ONLY,NO_DEDICATED_PAGE,broad_neighborhood_market,verified_tegra_projects_if_qualified,project/location owners,Generic Brooklin is not Ledge/Ampère exact intent,NONE
QUERY_FAMILY,generic_perdizes,apartamento perdizes,transactional_neighborhood_inventory,SUPPORT_SECONDARY,SUPPORT_ONLY,SUPPORT_ONLY,NO_DEDICATED_PAGE,broad_neighborhood_market,verified_tegra_projects_if_qualified,project/location owners,Generic Perdizes is not Soma/ODE exact intent,NONE
QUERY_FAMILY,generic_lapa,apartamento lapa,transactional_neighborhood_inventory,SUPPORT_SECONDARY,SUPPORT_ONLY,SUPPORT_ONLY,NO_DEDICATED_PAGE,broad_neighborhood_market,verified_lapa_portfolio_if_qualified,/caminhos-da-lapa/;project owners,Qualify with Tegra/project/stage; no raw generic owner,NONE
QUERY_FAMILY,raw_lapa,lapa,ambiguous_geo_or_entity,DO_NOT_TARGET,NO_OWNER,EXCLUDED,NO_DEDICATED_PAGE,none,none,none,Insufficiently qualified family,NONE
QUERY_FAMILY,architecture_landscape,projeto paisagístico,informational_design_topic,DO_NOT_TARGET,NO_OWNER,EXCLUDED,NO_DEDICATED_PAGE,none,project_attribution_only,project_owner,Verified attribution may appear on project page without owning generic topic,NONE
QUERY_FAMILY,architecture_person,benedito abbud,informational_person_entity,DO_NOT_TARGET,NO_OWNER,EXCLUDED,NO_DEDICATED_PAGE,none,project_attribution_only,project_owner,Professional entity query is not a primary target,NONE
QUERY_FAMILY,noise_typo,tegrq,typo_or_noise,DO_NOT_TARGET,NO_OWNER,EXCLUDED,NO_DEDICATED_PAGE,none,none,none,GSC appearance alone does not create ownership,NONE
QUERY_FAMILY,unrelated_rental,aluguel apartamento lapa,rental_transaction,DO_NOT_TARGET,NO_OWNER,EXCLUDED,NO_DEDICATED_PAGE,not_sale_portfolio,none,none,Rental outside V1 sale/discovery proposition,NONE
QUERY_FAMILY,unrelated_house,casa à venda bairro,house_inventory,DO_NOT_TARGET,NO_OWNER,EXCLUDED,NO_DEDICATED_PAGE,outside_apartment_portfolio,none,none,Do not expand ontology for search volume,NONE
ENTITY_ROUTE_RESERVATION,chateau-jardin,,project_entity_route_reservation,NO_QUERY_TARGET,/empreendimentos/chateau-jardin/,RESERVED,PLANNED_NOT_IMPLEMENTED,active_launch,product_registry,/,Reservation prevents route collision; does not assert search demand,NONE
ENTITY_ROUTE_RESERVATION,ampere-brooklin,,project_entity_route_reservation,NO_QUERY_TARGET,/empreendimentos/ampere-brooklin/,RESERVED,PLANNED_NOT_IMPLEMENTED,active_construction,product_registry,/,Reservation prevents route collision; does not assert search demand,NONE
ENTITY_ROUTE_RESERVATION,universo-tatuape-orbita,,project_entity_route_reservation,NO_QUERY_TARGET,/empreendimentos/universo-tatuape-orbita/,RESERVED,PLANNED_NOT_IMPLEMENTED,delivered_state_revalidate_inventory,product_registry,/,Reservation prevents route collision; no inventory implied,NONE
ENTITY_ROUTE_RESERVATION,bem-moema,,project_entity_route_reservation,NO_QUERY_TARGET,/empreendimentos/bem-moema/,RESERVED,PLANNED_NOT_IMPLEMENTED,delivered_state_revalidate_inventory,product_registry,/,Reservation prevents route collision; no inventory implied,NONE
ENTITY_ROUTE_RESERVATION,bem-moema-studios-offices,,project_entity_route_reservation,NO_QUERY_TARGET,/empreendimentos/bem-moema-studios-offices/,RESERVED,PLANNED_NOT_IMPLEMENTED,delivered_state_revalidate_inventory,product_registry,/,Reservation prevents route collision; no inventory implied,NONE
ENTITY_ROUTE_RESERVATION,zahle-jardins,,project_entity_route_reservation,NO_QUERY_TARGET,/empreendimentos/zahle-jardins/,RESERVED,PLANNED_NOT_IMPLEMENTED,delivered_state_revalidate_inventory,product_registry,/,Reservation prevents route collision; no inventory implied,NONE
ENTITY_ROUTE_RESERVATION,teg-sacoma,,project_entity_route_reservation,NO_QUERY_TARGET,/empreendimentos/teg-sacoma/,RESERVED,PLANNED_NOT_IMPLEMENTED,delivered_state_revalidate_inventory,product_registry,/,Reservation prevents route collision; no inventory implied,NONE
ENTITY_ROUTE_RESERVATION,tiel-vila-nova-conceicao,,project_entity_route_reservation,NO_QUERY_TARGET,/empreendimentos/tiel-vila-nova-conceicao/,RESERVED,PLANNED_NOT_IMPLEMENTED,delivered_state_revalidate_inventory,product_registry_plus_September_reconciliation,/,September unit/price match is not evergreen; revalidate before public use,NONE