kpi_id,kpi_name,source,window,baseline_value,baseline_state,success_criterion
KPI-01,gsc_total_impressions,Search Console,2026-08-23..2026-09-13,23,OBSERVED_LIVE_REREAD,INCREASE_WITH_FROZEN_COMPARABLE_WINDOW
KPI-02,gsc_total_clicks,Search Console,2026-08-23..2026-09-13,0,OBSERVED_LIVE_REREAD,INCREASE_WITH_FROZEN_COMPARABLE_WINDOW
KPI-03,gsc_average_position,Search Console,2026-08-23..2026-09-13,26.2609,OBSERVED_LIVE_REREAD,IMPROVE_WITH_QUERY_FAMILY_CONTEXT
KPI-04,gsc_named_query_impressions,Search Console,2026-08-23..2026-09-13,13,OBSERVED_NAMED_QUERY_BREAKDOWN,TRACK_COVERAGE_AND_GROWTH
KPI-05,ga4_sessions_all_channels,GA4,2026-09-10..2026-09-13,18,OBSERVED_TELEMETRY,TRACK_ONLY
KPI-06,ga4_generate_lead_all_channels,GA4,2026-09-10..2026-09-13,7,TEST_ONLY,MEASUREMENT_VALIDATION_ONLY
KPI-07,ga4_organic_search_sessions,GA4,2026-09-10..2026-09-13,,NO_ORGANIC_SESSION_ROW_OBSERVED,ESTABLISH_AFTER_OBSERVABLE_DENOMINATOR
KPI-08,ga4_organic_generate_lead,GA4,2026-09-10..2026-09-13,,NOT_YET_BASELINED,ESTABLISH_AFTER_PRODUCTION_ORGANIC_TRAFFIC
KPI-09,organic_search_to_lead_rate,GA4,2026-09-10..2026-09-13,,NOT_COMPUTABLE,DEFINE_ONLY_WITH_PRODUCTION_NUMERATOR_AND_ORGANIC_DENOMINATOR
KPI-10,m3_05_query_family_coverage,M3-05,current,41,OBSERVED_CONTRACT,MAINTAIN_41_OF_41_OR_VERSION_CHANGE
KPI-11,page_owner_ambiguity,M3-06,current,0,OBSERVED_CONTRACT,MAINTAIN_ZERO_UNRESOLVED_ACCEPTED_FAMILIES
KPI-12,commercial_claim_release_revalidation,M3-04,release-time,N/A,GOVERNANCE_GATE,REVALIDATE_ALL_VOLATILE_CLAIMS_BEFORE_RELEASE
