query,clicks,impressions,ctr,avg_position,source_property,date_from,date_to
moretegra,0,2,0,1.5,sc-domain:moretegra.com.br,2026-08-23,2026-09-13
tegra sp,0,1,0,17,sc-domain:moretegra.com.br,2026-08-23,2026-09-13
tegra incorporadora,0,1,0,79,sc-domain:moretegra.com.br,2026-08-23,2026-09-13
tegra lançamentos,0,2,0,7.5,sc-domain:moretegra.com.br,2026-08-23,2026-09-13
tegra preço metro quadrado,0,1,0,47,sc-domain:moretegra.com.br,2026-08-23,2026-09-13
tegra reclame aqui,0,1,0,15,sc-domain:moretegra.com.br,2026-08-23,2026-09-13
tegra são paulo,0,3,0,56.333333,sc-domain:moretegra.com.br,2026-08-23,2026-09-13
tegra sp lançamentos,0,2,0,9.5,sc-domain:moretegra.com.br,2026-08-23,2026-09-13
tegra telefone,0,1,0,1,sc-domain:moretegra.com.br,2026-08-23,2026-09-13
tegra vendas,0,1,0,6,sc-domain:moretegra.com.br,2026-08-23,2026-09-13
tegraf,0,1,0,85,sc-domain:moretegra.com.br,2026-08-23,2026-09-13
