domain,code,value
sd,D1,SERVE_QUALIFIED
sd,D2,DO_NOT_TARGET
sd,D3,SERVE_PRIMARY
sd,D4,SERVE_ENTITY_HISTORICAL
sd,D5,SERVE_EXCEPTION_COMMERCIAL
sd,D6,SUPPORT_SECONDARY
oc,W1,BRAND_PORTFOLIO_SURFACE
oc,W2,NO_OWNER
oc,W3,LOCATION_PORTFOLIO_SURFACE
oc,W4,MASTER_DEVELOPMENT_SURFACE
oc,W5,ACTIVE_PROJECT_SURFACE
oc,W6,SOLD_PROJECT_ENTITY_SURFACE
oc,W7,EXCEPTION_PROJECT_COMMERCIAL_SURFACE
oc,W8,PROJECT_FACT_SECTION
oc,W9,STAGE_DISCOVERY_SURFACE
oc,W10,COMPARISON_DISCOVERY_SURFACE
oc,W11,SUPPORTING_CONTENT_ONLY
cs,C1,portfolio_only
cs,C2,not_consumer_inventory
cs,C3,mixed_lifecycle_master
cs,C4,active_or_launch
cs,C5,active_construction
cs,C6,last_units_or_current_exception
cs,C7,current_inventory_requires_revalidation
cs,C8,sold_no_current_exception
cs,C9,public_sold_out_plus_returned_unit
cs,C10,returned_unit_exception
cs,C11,public_sold_out_plus_units_under_consultation
cs,C12,units_under_consultation
cs,C13,current_unit_price_only
cs,C14,entity_fact
cs,C15,product_fact
cs,C16,dynamic_inventory
cs,C17,portfolio_stage_filter
cs,C18,broad_market_not_tegra_specific
cs,C19,broad_neighborhood_market
cs,C20,none
cs,C21,not_sale_portfolio
cs,C22,outside_apartment_portfolio
fg,F1,verified_brand_and_portfolio
fg,F2,none
fg,F3,verified_location_project_set
fg,F4,verified_master_and_project_states
fg,F5,product_registry_plus_release_revalidation
fg,F6,product_registry
fg,F7,identity_and_historical_facts
fg,F8,September_exception_plus_release_revalidation
fg,F9,September_unit_22_plus_release_revalidation
fg,F10,September_reconciliation_plus_release_revalidation
fg,F11,no_specific_price_admitted
fg,F12,release_revalidation
fg,F13,address_registry
fg,F14,governed_46_73_values
fg,F15,verified_typology_only
fg,F16,immediate_release_revalidation
fg,F17,current_stage_registry
fg,F18,verified_tegra_projects_if_qualified
fg,F19,verified_lapa_portfolio_if_qualified
fg,F20,project_attribution_only
ic,I1,HIGH
ic,I2,MEDIUM
ic,I3,LOW
dc,J1,MEDIUM
dc,J2,HIGH
r,M1,assign_one_brand_portfolio_owner
r,M2,record_exclusion
r,M3,assign_location_owner_if_inventory_justifies
r,M4,assign_master_owner
r,M5,map_to_master_owner_no_duplicate_route
r,M6,assign_project_owner
r,M7,assign_project_owner_strategy_decision
r,M8,decide_entity_surface_or_noindex_policy
r,M9,assign_same_project_entity_owner_with_exception_state
r,M10,route_to_project_owner_fact_section
r,M11,assign_project_owner_with_exception_state
r,M12,attach_to_exact_project_owner
r,M13,attach_to_project_owner
r,M14,group_by_project_in_m3_06
r,M15,bind_to_resolved_project_owner
r,M16,assign_one_launch_discovery_owner
r,M17,assign_one_construction_discovery_owner
r,M18,assign_one_ready_discovery_owner
r,M19,do_not_default_to_home
r,M20,qualify_or_support_only
r,M21,qualify_with_sao_paulo_tegra_or_stage