query,clicks,impressions,ctr,position
caminhos da lapa tegra,18,511,0.0352,4.319
tegra caminhos da lapa,10,559,0.0179,5.0394
reserva caminhos da lapa,2,806,0.0025,13.1141
caminhos da lapa,1,636,0.0016,32.0299
elo tegra,1,169,0.0059,8.6686
abbud,0,13,0,79.2308
abbud paisagismo,0,4,0,56.5
benedito abbud,0,25,0,59.68
benedito abbud paisagismo,0,4,0,67
benedito abbud projetos,0,3,0,59
apartamento caminhos da lapa,0,4,0,56.75
apartamento lapa,0,108,0,78.7315
apartamento na lapa,0,69,0,67.058
atende lapa,0,4,0,43.25
caminhos da lapa - elo,0,82,0,33.6585
caminhos da lapa condomínio jerivás,0,17,0,38.1176
caminhos da lapa elo,0,509,0,21.3792
caminhos da lapa elo duo,0,406,0,29.6527
caminhos da lapa endereço,0,1,0,34
caminhos da lapa helbor,0,4,0,22
caminhos da lapa home club,0,4,0,72
caminhos da lapa jerivas,0,207,0,30.9614
caminhos da lapa jerivás,0,3,0,39
caminhos da lapa preço,0,3,0,66
caminhos da lapa reserva,0,554,0,14.3736
casa tegra,0,91,0,40.2747
casatudo,0,3,0,49
complexo caminhos da lapa,0,11,0,10.0909
complexo de condomínio,0,4,0,69.75
condominio caminhos da lapa,0,5,0,37.4
condominio duo,0,7,0,87.2857
condominio elo,0,3,0,85
condominio elo caminhos da lapa,0,2,0,11
condominio elo duo,0,2,0,10
condominio jerivas,0,9,0,51.2222
condominio lapa,0,7,0,54.2857
condominio na lapa,0,3,0,70
condominio reserva caminhos da lapa,0,4,0,10.25
condomínio caminhos da lapa,0,8,0,51.75
condomínio jerivas,0,2,0,58
condomínio jerivás,0,3,0,55.3333
condomínio lapa,0,1,0,100
condomínio reserva caminhos da lapa,0,3,0,10
da lapa,0,4,0,93.75
duo alto da lapa,0,15,0,68.9333
duo condominio,0,3,0,84.6667
duo corretora,0,19,0,73.7368
duo empreendimento,0,5,0,89.2
elo caminhos da lapa,0,189,0,23.5714
elo caminhos da lapa preço,0,84,0,72.7024
elo condominio,0,1,0,65
elo condomínios,0,4,0,49
elo duo,0,156,0,24.1154
elo duo caminhos da lapa,0,155,0,32.6968
elo duo lapa,0,5,0,26.2
eloduo,0,27,0,7.7407
empreendimento caminhos da lapa,0,107,0,45.243
empreendimento duo,0,3,0,88
empreendimento lapa,0,5,0,95.6
falicidades,0,1,0,25
garden design caminhos da lapa,0,2,0,48.5
helbor caminhos da lapa,0,3,0,44
helbor reserva caminhos da lapa,0,23,0,10.1304
jerivas,0,76,0,40.4737
jerivas caminhos da lapa,0,123,0,29.3008
konigsberger,0,17,0,68.2941
königsberger vannucchi,0,5,0,37.8
lapa apartamentos,0,1,0,67
lapa atende,0,1,0,37
lapa complexo esportivo,0,1,0,30
lapa qual zona,0,1,0,65
lapa zona oeste,0,6,0,73.3333
lapa é zona,0,1,0,62
lapa é zona oeste,0,8,0,81.75
logo tegra,0,1,0,97
nova tegra,0,2,0,26
nova vivere caminhos da lapa,0,1,0,72
paisagismo apartamento,0,1,0,66
paisagismo em condomínio residencial,0,1,0,75
paisagismo jardim residencial,0,2,0,80
paisagistico,0,1,0,62
projeto paisagístico,0,372,0,77.6075
reserva - caminhos da lapa,0,260,0,13.9077
reserva caminho da lapa,0,1,0,17
reserva caminhos da lapa endereço,0,16,0,12.1875
reserva caminhos da lapa helbor,0,5,0,11.8
reserva caminhos da lapa preço,0,156,0,28.4295
reserva lapa,0,8,0,68.25
residencial duo,0,1,0,91
residencial reserva urbana,0,2,0,90.5
rua dos jerivas,0,2,0,68.5
rua fortunato ferraz 1141,0,2,0,45
rua fortunato ferraz 280,0,5,0,46.8
rua fortunato ferraz 280 lapa,0,2,0,47
"rua fortunato ferraz, 280",0,2,0,44.5
sabrina delazer,0,6,0,53.8333
sabrina urbano,0,1,0,64
tegra,0,1086,0,68.186
tegra 40,0,7,0,57.8571
tegra elo duo,0,3,0,9.6667
tegra empreendimentos,0,1,0,95
tegra imoveis,0,2,0,87.5
tegra lapa,0,68,0,8.7647
tegra portal do corretor,0,1,0,73
tegra sp,0,24,0,90.4583
tegra telefone,0,71,0,26.6761
tegra zone,0,1,0,86
tegra.,0,25,0,83.96
tegri,0,1,0,90
tegrq,0,31,0,83.7097
telefone tegra,0,88,0,61.2727
terga,0,4,0,70
trgra,0,28,0,83.9643
twgra,0,31,0,80.6129
vannucci lapa,0,6,0,16.6667
vannucci são paulo,0,1,0,80
viva caminhos da lapa,0,1,0,70
www.tegravendas.com.br,0,72,0,75.0139
тегра,0,37,0,75.1081
тегро,0,21,0,66.5238
