"entity","gap_id","severity","type","finding","recommendation_state"
"GARDEN_DESIGN","GD-01","MEDIUM","LOCAL_ENTITY_COVERAGE","Current page has no explicit 'Vila Anastácio' lexical coverage; major portal competitors use Vila Anastácio prominently.","RETAIN_TITLE_H1 / ENRICH_BODY_ONLY_AFTER_FACT_REVALIDATION"
"GARDEN_DESIGN","GD-02","MEDIUM","LOCATION_CONTEXT","Current page does not materially cover Domingos de Moraes, Marginal Tietê, Bandeirantes, Anhanguera, Mercado da Lapa or Sesc Pompeia; official/portal competitors provide richer local context.","RETAIN_TITLE_H1 / ENRICH_BODY_ONLY_AFTER_FACT_REVALIDATION"
"GARDEN_DESIGN","GD-03","MEDIUM","AMENITY_BREADTH","Competitors expose a broader indexable amenity vocabulary including coworking, churrasqueira, brinquedoteca and salão de festas; current source has narrower visible lexical coverage.","RETAIN_TITLE_H1 / ENRICH_BODY_ONLY_AFTER_FACT_REVALIDATION"
"GARDEN_DESIGN","GD-04","HIGH","COMMERCIAL_TRUTH_REVALIDATION","MoreTegra page displays a commercial price reference different from current official Tegra/Caminhos observed reference. Do not change automatically; revalidate current canonical commercial truth first.","RETAIN_TITLE_H1 / ENRICH_BODY_ONLY_AFTER_FACT_REVALIDATION"
"GARDEN_DESIGN","GD-05","MEDIUM","INTERNAL_DISCOVERY","No internal route links beyond Home. Any Lapa/master link is architecture-gated because /regioes/lapa/ is not yet governed live and master-domain ownership is unresolved.","RETAIN_TITLE_H1 / ENRICH_BODY_ONLY_AFTER_FACT_REVALIDATION"
"NOVA_VIVERE","NV-01","MEDIUM","LOCAL_ENTITY_COVERAGE","Current page does not explicitly use Vila Anastácio; Viva Real and other portal surfaces do.","RETAIN_TITLE_H1 / ENRICH_BODY_AND_FAQ_AFTER_FACT_REVALIDATION"
"NOVA_VIVERE","NV-02","MEDIUM","AMENITY_BREADTH","Viva Real exposes a broad feature set (spa, coworking, pet, sauna, brinquedoteca, churrasqueira and others) while current page has narrower indexable feature coverage.","RETAIN_TITLE_H1 / ENRICH_BODY_AND_FAQ_AFTER_FACT_REVALIDATION"
"NOVA_VIVERE","NV-03","MEDIUM","DELIVERY_LIFECYCLE_CONTEXT","Portal result exposes a delivery/prevision timeline; current page has no visible 'entrega'/'previsão' lexical coverage. Add only if verified by canonical source.","RETAIN_TITLE_H1 / ENRICH_BODY_AND_FAQ_AFTER_FACT_REVALIDATION"
"NOVA_VIVERE","NV-04","HIGH","COMMERCIAL_TRUTH_REVALIDATION","MoreTegra commercial price reference differs from current official observed reference. Revalidate before any content mutation.","RETAIN_TITLE_H1 / ENRICH_BODY_AND_FAQ_AFTER_FACT_REVALIDATION"
"NOVA_VIVERE","NV-05","MEDIUM","INTERNAL_DISCOVERY","No internal project/region route links beyond Home; regional/master destinations are architecture-gated.","RETAIN_TITLE_H1 / ENRICH_BODY_AND_FAQ_AFTER_FACT_REVALIDATION"
"ELO_DUO","ED-01","HIGH","FAQ_ANSWERABILITY","No visible FAQ and no FAQPage schema, while competing project/portal pages answer status, plant, price, location and amenity questions directly.","RETAIN_TITLE_H1 / FAQ_IS_CLEANEST_ON_PAGE_GAP"
"ELO_DUO","ED-02","MEDIUM","SECONDARY_MARKET_SEPARATION","ZAP exposes both new-development and condominium/resale surfaces for Elo/Elo Duo. MoreTegra should keep developer/current-commercial intent distinct from resale condominium intent.","RETAIN_TITLE_H1 / FAQ_IS_CLEANEST_ON_PAGE_GAP"
"ELO_DUO","ED-03","MEDIUM","INTERNAL_DISCOVERY","No internal route links beyond Home despite deep body content; future contextual linking is architecture-gated.","RETAIN_TITLE_H1 / FAQ_IS_CLEANEST_ON_PAGE_GAP"
"RESERVA","RS-01","HIGH","COMMERCIAL_INTENT_SUPPRESSION","The source repeats '100% vendido' multiple times and front-loads archive/alternative semantics. This narrows buyer intent while current SERPs show strong ready-to-move and secondary-market demand.","HIGHEST_CONTENT_REMEDIATION_CANDIDATE / DO_NOT_FAKE_DEVELOPER_INVENTORY"
"RESERVA","RS-02","HIGH","POST_DELIVERY_QUERY_COVERAGE","QuintoAndar and Apto cover ready-to-move, condominium, local proximity, inventory and buyer-oriented attributes. MoreTegra covers the entity but under-serves post-delivery research intent.","HIGHEST_CONTENT_REMEDIATION_CANDIDATE / DO_NOT_FAKE_DEVELOPER_INVENTORY"
"RESERVA","RS-03","MEDIUM","LOCAL_ENTITY_COVERAGE","Current page lacks Vila Anastácio and nearby transit/amenity lexical coverage that major portal competitors expose.","HIGHEST_CONTENT_REMEDIATION_CANDIDATE / DO_NOT_FAKE_DEVELOPER_INVENTORY"
"RESERVA","RS-04","MEDIUM","FAQ_INTENT","FAQ leads with sold-out status and alternatives rather than broader entity/buyer questions such as condominium, location, plant differences and consultation availability.","HIGHEST_CONTENT_REMEDIATION_CANDIDATE / DO_NOT_FAKE_DEVELOPER_INVENTORY"
"RESERVA","RS-05","MEDIUM","INTERNAL_DISCOVERY","No internal route links beyond Home; project-to-master/region linking remains governance-gated.","HIGHEST_CONTENT_REMEDIATION_CANDIDATE / DO_NOT_FAKE_DEVELOPER_INVENTORY"
