"query","intent","entity","owner_state_or_url","planner_new_avg","planner_old_avg","gsc_clicks","gsc_impressions","gsc_ctr","gsc_avg_position","confidence"
"caminhos da lapa tegra","master_brand","CAMINHOS_DA_LAPA","MASTER_DOMAIN_RECONCILIATION","50","","5","242","0.0207","4.9587","HIGH"
"tegra caminhos da lapa","master_brand","CAMINHOS_DA_LAPA","MASTER_DOMAIN_RECONCILIATION","50","30","0","308","0","5.8799","HIGH"
"caminhos da lapa","master_generic","CAMINHOS_DA_LAPA","MASTER_DOMAIN_RECONCILIATION","","","1","120","0.0083","43.4583","HIGH"
"complexo caminhos da lapa","master_research","CAMINHOS_DA_LAPA","MASTER_DOMAIN_RECONCILIATION","","","0","11","0","10.0909","HIGH"
"empreendimento caminhos da lapa","master_research","CAMINHOS_DA_LAPA","MASTER_DOMAIN_RECONCILIATION","50","","0","25","0","54.56","HIGH"
"apartamento caminhos da lapa","transactional_master","CAMINHOS_DA_LAPA","MASTER_DOMAIN_RECONCILIATION","50","","","","","","MEDIUM"
"caminhos da lapa preço","transactional_master","CAMINHOS_DA_LAPA","MASTER_DOMAIN_RECONCILIATION","50","","","","","","MEDIUM"
"apartamento a venda caminhos da lapa","transactional_master","CAMINHOS_DA_LAPA","MASTER_DOMAIN_RECONCILIATION","50","","","","","","MEDIUM"
"condominio caminhos da lapa","master_research","CAMINHOS_DA_LAPA","MASTER_DOMAIN_RECONCILIATION","50","","","","","","HIGH"
"caminhos da lapa elo duo","exact_project","ELO_DUO","https://www.moretegra.com.br/empreendimentos/caminhos-da-lapa-elo-duo/","","110","0","38","0","49.3947","HIGH"
"elo duo caminhos da lapa","exact_project","ELO_DUO","https://www.moretegra.com.br/empreendimentos/caminhos-da-lapa-elo-duo/","","","0","27","0","48.3704","HIGH"
"garden design tegra","exact_project","GARDEN_DESIGN","https://www.moretegra.com.br/empreendimentos/garden-design/","","50","","","","","HIGH"
"garden design caminhos da lapa","exact_project","GARDEN_DESIGN","https://www.moretegra.com.br/empreendimentos/garden-design/","","","0","1","0","94","HIGH"
"nova vivere","exact_project","NOVA_VIVERE","https://www.moretegra.com.br/empreendimentos/nova-vivere/","","110","","","","","HIGH"
"nova vivere caminhos da lapa","exact_project","NOVA_VIVERE","https://www.moretegra.com.br/empreendimentos/nova-vivere/","","","0","1","0","72","HIGH"
"reserva caminhos da lapa","exact_project","RESERVA","https://www.moretegra.com.br/empreendimentos/reserva-caminhos-da-lapa/","","720","0","35","0","37.9429","HIGH"
"caminhos da lapa reserva","exact_project","RESERVA","https://www.moretegra.com.br/empreendimentos/reserva-caminhos-da-lapa/","","880","0","50","0","43.12","HIGH"
"elo caminhos da lapa","exact_project","ELO","UNRESOLVED_HISTORICAL_ENTITY_OWNER","","","0","31","0","36.4194","MEDIUM"
"caminhos da lapa condomínio jerivás","exact_project","JERIVAS","UNRESOLVED_HISTORICAL_ENTITY_OWNER","","","0","21","0","39.9048","MEDIUM"
