"query","intent","domain","class","entity"
"caminhos da lapa tegra","master_brand","caminhosdalapaoficial.com.br","OFFICIAL_MASTER","CAMINHOS_DA_LAPA"
"caminhos da lapa tegra","master_brand","caminhosdalapategra.com.br","HISTORICAL_SPECIALIST","CAMINHOS_DA_LAPA"
"caminhos da lapa tegra","master_brand","caminhosdalapa.com","INDEPENDENT_SPECIALIST","CAMINHOS_DA_LAPA"
"caminhos da lapa tegra","master_brand","caminhosdalapa.site","INDEPENDENT_SPECIALIST","CAMINHOS_DA_LAPA"
"garden design tegra / garden design caminhos da lapa","exact_project","tegraincorporadora.com.br","OFFICIAL_DEVELOPER","GARDEN_DESIGN"
"garden design tegra / garden design caminhos da lapa","exact_project","caminhosdalapaoficial.com.br","OFFICIAL_MASTER","GARDEN_DESIGN"
"garden design tegra / garden design caminhos da lapa","exact_project","corretorkaiser.com.br","BROKER_SPECIALIST","GARDEN_DESIGN"
"garden design tegra / garden design caminhos da lapa","exact_project","corretoron.com.br","BROKER_SPECIALIST","GARDEN_DESIGN"
"nova vivere / nova vivere caminhos da lapa","exact_project","caminhosdalapaoficial.com.br","OFFICIAL_MASTER","NOVA_VIVERE"
"nova vivere / nova vivere caminhos da lapa","exact_project","tegraincorporadora.com.br","OFFICIAL_DEVELOPER","NOVA_VIVERE"
"nova vivere / nova vivere caminhos da lapa","exact_project","vivareal.com.br","MARKETPLACE_PORTAL","NOVA_VIVERE"
"caminhos da lapa elo duo / elo duo caminhos da lapa","exact_project","caminhosdalapaoficial.com.br","OFFICIAL_MASTER","ELO_DUO"
"caminhos da lapa elo duo / elo duo caminhos da lapa","exact_project","caminhosdalapategra.com.br","HISTORICAL_SPECIALIST","ELO_DUO"
"caminhos da lapa elo duo / elo duo caminhos da lapa","exact_project","caminhosdalapaimoveis.com","INDEPENDENT_SPECIALIST","ELO_DUO"
"caminhos da lapa elo duo / elo duo caminhos da lapa","exact_project","caminhosdalapa.site","INDEPENDENT_SPECIALIST","ELO_DUO"
"caminhos da lapa elo duo / elo duo caminhos da lapa","exact_project","zapimoveis.com.br","MARKETPLACE_PORTAL","ELO_DUO"
"reserva caminhos da lapa","exact_project_post_delivery","tegraincorporadora.com.br","OFFICIAL_DEVELOPER_ARCHIVE","RESERVA"
"reserva caminhos da lapa","exact_project_post_delivery","caminhosdalapategra.com.br","HISTORICAL_SPECIALIST","RESERVA"
"reserva caminhos da lapa","exact_project_post_delivery","caminhosdalapa.site","INDEPENDENT_SPECIALIST","RESERVA"
"reserva caminhos da lapa","exact_project_post_delivery","quintoandar.com.br","SECONDARY_MARKET_PORTAL","RESERVA"
