route,run,performance_score,fcp_s,lcp_s,tbt_ms,cls,transfer_kib
Home,1,54,6.5,10.0,250,0.000,1464
Home,2,59,6.6,11.5,80,0.001,1530
Home,3,96,0.9,1.5,210,0.001,1564
Home,4,58,6.4,10.8,120,0.001,1529
Home,5,58,6.6,10.4,120,0.000,1465
DSG Itaim,1,76,0.8,5.3,230,0.000,1094
DSG Itaim,2,81,0.8,3.3,430,0.000,1095
DSG Itaim,3,78,0.8,5.2,200,0.000,1094
DSG Itaim,4,82,0.8,5.0,10,0.000,1094
DSG Itaim,5,81,0.8,5.1,70,0.000,1094
CAPIITOLO,1,60,0.8,4.8,990,0.001,1506
CAPIITOLO,2,82,0.8,5.0,30,0.001,1506
CAPIITOLO,3,80,0.8,5.2,120,0.001,1506
CAPIITOLO,4,80,0.8,5.1,130,0.001,1012
CAPIITOLO,5,80,0.8,5.3,40,0.001,1506
Elo Duo,1,99,0.9,1.8,90,0.030,489
Elo Duo,2,78,1.0,5.1,60,0.049,489
Elo Duo,3,100,0.9,1.8,50,0.030,489
Elo Duo,4,77,1.0,5.4,100,0.049,489
Elo Duo,5,70,1.0,5.5,310,0.049,489
Ária Higienópolis,1,95,0.9,2.0,60,0.049,6406
Ária Higienópolis,2,74,0.9,9.2,130,0.033,6406
Ária Higienópolis,3,100,0.9,1.4,20,0.030,6406
Ária Higienópolis,4,99,0.9,1.8,90,0.035,6406
Ária Higienópolis,5,74,1.0,5.5,80,0.049,6406
